{
  "source_file": "41069025_3dod_annotation.json",
  "axes_by_label": {
    "cabinet": [
      [
        185.7293151889436,
        88.5544684007559,
        66.86192295352969
      ],
      [
        32.688700096279625,
        88.5544684007559,
        61.61917313540477
      ],
      [
        49.217760038622764,
        88.5544684007559,
        61.306256516021826
      ],
      [
        60.83698348561774,
        222.4033259476077,
        60.38331541182656
      ],
      [
        73.97889127298201,
        82.33899840765008,
        34.588659689395925
      ],
      [
        40.60907927521865,
        82.38291302233108,
        34.591716242083244
      ],
      [
        64.07584175623984,
        82.58238366107312,
        31.217296586577397
      ],
      [
        44.7334550638594,
        82.39030399459065,
        34.712258781880486
      ],
      [
        62.25802599699855,
        23.353392034862765,
        59.06758768972595
      ]
    ],
    "sink": [
      [
        34.84655960749167,
        12.730820180201889,
        40.60930319985367
      ]
    ],
    "oven": [
      [
        62.25802599699855,
        61.570672549286954,
        59.62464332347297
      ]
    ],
    "stove": [
      [
        62.25802599699855,
        3.710324799789916,
        60.06312760435208
      ]
    ],
    "sofa": [
      [
        173.01219570659276,
        83.15103315118375,
        92.95927640485299
      ]
    ],
    "table": [
      [
        78.25913466393557,
        75.44886203053589,
        75.53462490320055
      ],
      [
        122.07299255761819,
        80.86116563315696,
        44.65248346800557
      ],
      [
        103.36546285091515,
        43.958950536240025,
        55.529525378886404
      ],
      [
        52.10248541636005,
        45.80444885407351,
        51.54075225413132
      ]
    ],
    "chair": [
      [
        38.24810413570068,
        79.29003384635934,
        45.623084497237635
      ],
      [
        38.24810413570068,
        79.29003384635934,
        45.623084497237635
      ]
    ],
    "tv_monitor": [
      [
        90.84306066042996,
        52.444758913896976,
        6.923161142392168
      ]
    ]
  }
}