{
  "source_file": "41069043_3dod_annotation.json",
  "axes_by_label": {
    "bed": [
      [
        152.8792325474214,
        66.69725868032496,
        213.13173992667114
      ]
    ],
    "cabinet": [
      [
        84.73634277721925,
        198.11286704401516,
        62.633896369011055
      ],
      [
        90.82557087467535,
        72.28007462611454,
        42.49679103652197
      ]
    ],
    "tv_monitor": [
      [
        71.0178780314805,
        41.65609516663033,
        2.7584970777299005
      ]
    ],
    "table": [
      [
        47.70164574071452,
        49.725941211638386,
        52.09352697189916
      ],
      [
        49.496293958928995,
        50.005379303087224,
        47.68547395436774
      ]
    ]
  }
}