{
  "source_file": "41069048_3dod_annotation.json",
  "axes_by_label": {
    "bathtub": [
      [
        163.11623509850727,
        55.671775007690115,
        67.57197351378625
      ]
    ],
    "toilet": [
      [
        37.74406424194916,
        74.79842646046447,
        66.55911052896444
      ]
    ],
    "sink": [
      [
        56.13475682656698,
        18.488696935395296,
        44.18884047882775
      ]
    ]
  }
}