{
  "source_file": "41125760_3dod_annotation.json",
  "axes_by_label": {
    "toilet": [
      [
        40.2207154516325,
        79.95654077551629,
        61.26189308346631
      ]
    ],
    "cabinet": [
      [
        61.31179628366692,
        77.96039043438188,
        38.97233630287829
      ]
    ],
    "sink": [
      [
        63.244022925142,
        18.471741316857777,
        39.267836903025966
      ]
    ],
    "bathtub": [
      [
        165.43180078556475,
        57.1999683072936,
        67.88130339101492
      ]
    ]
  }
}