{
  "source_file": "41125731_3dod_annotation.json",
  "axes_by_label": {
    "bed": [
      [
        172.40980455592214,
        53.26307573158784,
        215.07887497965646
      ],
      [
        173.13613782895737,
        55.440158900294854,
        208.81909273145175
      ]
    ],
    "cabinet": [
      [
        38.73299697268841,
        51.03122863739162,
        40.39065498561092
      ],
      [
        77.60891725872484,
        188.4976295773671,
        59.74730122792453
      ]
    ]
  }
}