{
  "source_file": "41125700_3dod_annotation.json",
  "axes_by_label": {
    "cabinet": [
      [
        108.73772630041185,
        89.14466476228158,
        58.24957667158153
      ],
      [
        62.949959420851144,
        89.87342163350478,
        58.178361749426934
      ],
      [
        126.79224150302089,
        80.90506900344805,
        33.350843974239
      ],
      [
        99.33725093232532,
        215.69082492203205,
        59.27145789913711
      ],
      [
        24.9042095490381,
        80.95850666286216,
        32.56610093494845
      ]
    ],
    "oven": [
      [
        59.551413479947556,
        75.77872016101335,
        57.78610440655877
      ]
    ],
    "stove": [
      [
        59.551413479947556,
        13.61947438037456,
        57.78610440655877
      ]
    ],
    "sofa": [
      [
        232.71900030231777,
        83.5064486994404,
        104.92635828021146
      ],
      [
        81.49822461264736,
        43.22017673423182,
        42.549626378332256
      ]
    ],
    "table": [
      [
        114.60541011383512,
        42.077515330813824,
        51.41484707817309
      ],
      [
        98.25866550411266,
        40.68177610371106,
        44.157641639930596
      ],
      [
        81.0890914024213,
        70.32301831214632,
        79.7383703707971
      ]
    ],
    "chair": [
      [
        46.5145026072933,
        103.4257149305793,
        54.114693540404836
      ],
      [
        44.91255003972587,
        103.0591496971975,
        54.114693540404836
      ],
      [
        45.959357369273974,
        103.4257149305793,
        52.48920771018152
      ],
      [
        46.5145026072933,
        99.89624713042598,
        54.114693540404836
      ]
    ],
    "sink": [
      [
        38.27337610733388,
        23.92219706015005,
        44.57205475900513
      ]
    ]
  }
}