{
  "source_file": "41142280_3dod_annotation.json",
  "axes_by_label": {
    "bathtub": [
      [
        166.7879734767512,
        56.365783663843374,
        70.07060268927376
      ]
    ],
    "toilet": [
      [
        38.463932928416135,
        77.84611408780236,
        65.25989183804136
      ]
    ],
    "sink": [
      [
        59.96744247122774,
        20.538852539561873,
        43.459536577329494
      ]
    ]
  }
}