{
  "source_file": "41159555_3dod_annotation.json",
  "axes_by_label": {
    "cabinet": [
      [
        166.00270853441384,
        185.99330723564958,
        62.85024183881062
      ],
      [
        137.18250603724732,
        210.24711638438086,
        57.50387270060846
      ],
      [
        83.61437893564806,
        59.30487863910506,
        52.11891513079306
      ],
      [
        111.36412166394092,
        77.84630205433366,
        52.93139866964513
      ],
      [
        93.23150204047232,
        89.87793933100505,
        50.0618636848961
      ]
    ],
    "shelf": [
      [
        102.91349353070443,
        255.31274653606414,
        38.12532685024619
      ]
    ],
    "bed": [
      [
        165.43534834386185,
        59.40478459900579,
        209.64257364779098
      ]
    ]
  }
}