{
  "source_file": "41159504_3dod_annotation.json",
  "axes_by_label": {
    "bathtub": [
      [
        165.47655598767219,
        62.823724649641456,
        92.22117089510033
      ]
    ],
    "cabinet": [
      [
        81.28122051897152,
        190.6188021084497,
        35.218132743645484
      ],
      [
        88.80897998621856,
        71.9770401159145,
        61.326692124916434
      ]
    ],
    "table": [
      [
        51.35734859743856,
        71.3160154644058,
        47.50034201995933
      ]
    ],
    "sink": [
      [
        58.659363723962656,
        14.546195593760133,
        44.44124150714273
      ]
    ],
    "toilet": [
      [
        36.72912788625035,
        83.8537668317283,
        66.3888400489447
      ]
    ],
    "bed": [
      [
        177.1899939497427,
        58.82622849846183,
        280.682490612429
      ]
    ]
  }
}