{
  "source_file": "41159530_3dod_annotation.json",
  "axes_by_label": {
    "table": [
      [
        80.56453400289234,
        75.50110719170402,
        33.865062832916294
      ]
    ],
    "cabinet": [
      [
        228.9904956462996,
        92.71573150390597,
        59.17591235512815
      ],
      [
        167.09497634105273,
        85.3454509685599,
        31.86093275663743
      ],
      [
        54.70485812948985,
        94.68093139656766,
        58.90920204490231
      ],
      [
        52.38541188443029,
        83.38642441936314,
        52.68433290772441
      ]
    ],
    "shelf": [
      [
        74.79675340611125,
        38.44198911826295,
        28.66459510389324
      ],
      [
        83.43796066044908,
        37.635752760219226,
        6.028055517963358
      ]
    ],
    "oven": [
      [
        57.37192673227963,
        80.94553110530109,
        54.256415784046766
      ]
    ],
    "sink": [
      [
        56.183278569826854,
        26.150690095683032,
        59.17591235512815
      ]
    ]
  }
}