{
  "source_file": "41159525_3dod_annotation.json",
  "axes_by_label": {
    "cabinet": [
      [
        163.33005212646358,
        87.82158309420578,
        57.95607697002297
      ],
      [
        65.10904256332338,
        56.677964851358986,
        57.94478536007592
      ],
      [
        60.51880945002106,
        91.39202815304179,
        59.39136663432269
      ],
      [
        48.00288611453533,
        90.88824403072906,
        59.25757364956338
      ],
      [
        99.64044207788719,
        89.36585519111554,
        59.35128749783144
      ],
      [
        99.59522534722825,
        89.98063337263567,
        59.451171354876315
      ],
      [
        102.52101248218494,
        89.15546210353499,
        31.63065385116043
      ],
      [
        71.66623132304707,
        218.3838330273513,
        68.74749227835723
      ],
      [
        104.43902521755098,
        40.35702801931007,
        69.74818168469355
      ],
      [
        48.43445957757196,
        217.4423951915933,
        68.74749227835723
      ],
      [
        64.84662823951456,
        86.65973119851112,
        32.36175568951505
      ],
      [
        159.65107798051503,
        86.36066542650555,
        31.756380331197512
      ]
    ],
    "sink": [
      [
        56.12079466429588,
        30.87431604203033,
        40.88752022402385
      ]
    ],
    "oven": [
      [
        108.87866335546761,
        74.23328807523426,
        60.23561832321865
      ]
    ],
    "stove": [
      [
        108.87866335546761,
        22.717497977560406,
        59.321129519812146
      ]
    ],
    "refrigerator": [
      [
        104.43902521755098,
        176.63863871539348,
        78.91517267684624
      ]
    ],
    "table": [
      [
        175.04038150670232,
        76.02059787080407,
        92.96052237194716
      ]
    ],
    "stool": [
      [
        159.23702753925377,
        50.63929510559237,
        46.85671209045201
      ],
      [
        159.76120909959914,
        49.67380374914338,
        45.06640526761137
      ]
    ],
    "chair": [
      [
        46.92829322538062,
        92.07764730168415,
        45.27528546900186
      ],
      [
        46.92829322538062,
        89.20246688709346,
        45.27528546900186
      ]
    ],
    "shelf": [
      [
        72.00870767904483,
        34.57379618766815,
        26.033152802639208
      ]
    ]
  }
}