{
  "source_file": "41159541_3dod_annotation.json",
  "axes_by_label": {
    "sofa": [
      [
        207.84148454718326,
        72.63129718763436,
        119.31856254805804
      ],
      [
        84.97023611288161,
        86.16017076018424,
        88.96598230201408
      ]
    ],
    "table": [
      [
        348.565339710417,
        75.18911390093224,
        121.17222257249234
      ],
      [
        52.01068199106884,
        47.158896240456464,
        55.14896785297283
      ],
      [
        61.030495253992115,
        51.305482430819225,
        43.34694830889473
      ]
    ],
    "chair": [
      [
        43.92564165057775,
        97.35468051822816,
        51.5190492986077
      ],
      [
        42.40630241710797,
        102.1612292310795,
        47.37884479235456
      ],
      [
        42.40630241710797,
        100.94539731617478,
        47.37884479235456
      ],
      [
        38.91279738032835,
        94.4583612981255,
        50.043361909149354
      ],
      [
        42.459300505805956,
        100.4360691173889,
        50.043361909149354
      ],
      [
        42.459300505805956,
        103.59339488793961,
        50.043361909149354
      ],
      [
        42.459300505805956,
        103.92290680051907,
        50.043361909149354
      ],
      [
        42.459300505805956,
        104.20445340599684,
        50.043361909149354
      ],
      [
        87.46812290236281,
        190.98894528368757,
        68.83395803115252
      ]
    ],
    "tv_monitor": [
      [
        113.72667229242414,
        70.7026148601988,
        5.699496521435222
      ]
    ],
    "cabinet": [
      [
        392.53462970858374,
        92.94840842485428,
        40.765062450093545
      ]
    ]
  }
}