{
  "source_file": "41159572_3dod_annotation.json",
  "axes_by_label": {
    "sofa": [
      [
        101.89589294465765,
        67.04920941832762,
        101.45972675295273
      ],
      [
        210.50890700824206,
        78.71885525493639,
        109.49191023481744
      ],
      [
        67.95489271738526,
        67.33652569983676,
        74.83853918874568
      ],
      [
        155.29054672163178,
        82.83979270930129,
        100.25527846415284
      ]
    ],
    "fireplace": [
      [
        224.3504932341906,
        103.36233838974368,
        114.5165322423791
      ]
    ],
    "shelf": [
      [
        220.65147988586574,
        468.9086561882136,
        51.82228009811062
      ],
      [
        102.43463483994033,
        212.39750563415595,
        48.98657836146952
      ]
    ],
    "table": [
      [
        106.5132811422553,
        39.91514746074268,
        56.85222533684397
      ],
      [
        71.63141357811415,
        50.54907755245832,
        56.34754678764429
      ]
    ],
    "cabinet": [
      [
        41.964472112189014,
        63.91421396965973,
        40.94883085667518
      ]
    ],
    "stool": [
      [
        39.879998082406516,
        42.13637141225434,
        41.574913864893354
      ]
    ]
  }
}