{
  "source_file": "41254246_3dod_annotation.json",
  "axes_by_label": {
    "bed": [
      [
        151.99179668104424,
        53.13341081172771,
        209.78362442144478
      ]
    ],
    "cabinet": [
      [
        143.28832263439386,
        187.1967350237148,
        55.68912984717607
      ],
      [
        130.28621880675385,
        187.2166480124329,
        57.082804927584554
      ]
    ]
  }
}