{
  "source_file": "41254386_3dod_annotation.json",
  "axes_by_label": {
    "bathtub": [
      [
        168.69361019678018,
        56.08407453858795,
        70.61328597351083
      ]
    ],
    "toilet": [
      [
        49.38223106673625,
        77.32819018784947,
        71.62160344044169
      ]
    ],
    "sink": [
      [
        64.08396806441448,
        21.175312901948082,
        46.881889165242846
      ]
    ]
  }
}