{
  "source_file": "41254432_3dod_annotation.json",
  "axes_by_label": {
    "cabinet": [
      [
        39.237693673605364,
        92.63055063044762,
        56.84813264537687
      ],
      [
        145.52632598615685,
        93.04586647587286,
        59.8459449222504
      ],
      [
        115.78736165024206,
        93.01287111757237,
        59.40142136678547
      ],
      [
        59.98787090073318,
        125.7099227850889,
        41.83869474796838
      ],
      [
        41.60212364929042,
        85.76345683401165,
        37.04506063886386
      ],
      [
        31.11356387176566,
        85.66787126797527,
        46.423127323276354
      ],
      [
        147.07552642384707,
        85.82280368779979,
        37.36096217607819
      ],
      [
        70.84729511496195,
        221.91746381612566,
        71.17244871353196
      ],
      [
        143.46367952134577,
        92.16704577348393,
        60.3299417034229
      ]
    ],
    "oven": [
      [
        54.84151102242654,
        92.6306401219867,
        57.0194774846286
      ]
    ],
    "sink": [
      [
        37.09388341781947,
        18.830024486062406,
        43.712976023807784
      ],
      [
        18.83388821241905,
        12.006005518390431,
        32.520402185184125
      ]
    ],
    "sofa": [
      [
        177.1512336729592,
        72.05768570317663,
        87.07928750691332
      ],
      [
        148.50965395451485,
        75.66364116012865,
        87.04221608614164
      ]
    ],
    "tv_monitor": [
      [
        38.25307465067155,
        37.35302695510133,
        3.7581653880386314
      ]
    ],
    "stove": [
      [
        71.07557550178096,
        3.430587829885469,
        53.223526641253706
      ]
    ]
  }
}