{
  "source_file": "41254402_3dod_annotation.json",
  "axes_by_label": {
    "bed": [
      [
        151.7544497180971,
        61.63733807620889,
        196.23164514632487
      ]
    ],
    "cabinet": [
      [
        94.72927237279404,
        55.93051777797261,
        43.726683774474246
      ]
    ],
    "table": [
      [
        33.55829216070481,
        87.62828392578189,
        38.772935987898485
      ]
    ]
  }
}