{
  "source_file": "42445026_3dod_annotation.json",
  "axes_by_label": {
    "cabinet": [
      [
        192.46420486104768,
        72.20164370349616,
        59.60920813913165
      ]
    ],
    "tv_monitor": [
      [
        95.99000839574688,
        60.21258834008651,
        7.973437517850468
      ]
    ],
    "sofa": [
      [
        155.62744488647797,
        84.0839801792608,
        88.98664636547907
      ]
    ],
    "table": [
      [
        127.61346599284123,
        71.9291091144601,
        59.7413246197455
      ]
    ],
    "chair": [
      [
        62.39336610791282,
        68.6768436995482,
        60.009434266288686
      ]
    ]
  }
}