{
  "source_file": "42446116_3dod_annotation.json",
  "axes_by_label": {
    "bed": [
      [
        174.46310534094576,
        48.63367763024386,
        215.2140583014734
      ]
    ],
    "cabinet": [
      [
        42.96674644011144,
        63.40818072352569,
        37.47390578352863
      ],
      [
        44.904811489360675,
        61.906067377936814,
        42.44091993367431
      ],
      [
        53.212305693640296,
        131.22355698026024,
        52.95824218942731
      ],
      [
        82.77184199927996,
        115.58387482490132,
        50.65002105815722
      ],
      [
        94.83464020116463,
        69.49783149119429,
        32.363012339778884
      ],
      [
        66.00791811943672,
        60.37505861843759,
        28.318624376020697
      ]
    ]
  }
}