{
  "source_file": "42446103_3dod_annotation.json",
  "axes_by_label": {
    "cabinet": [
      [
        51.48425370268504,
        90.36605402037176,
        76.23220737512847
      ],
      [
        73.22659650335012,
        89.36772453107814,
        75.71715404539971
      ],
      [
        71.30949456111301,
        87.17081574721456,
        62.83074112651342
      ],
      [
        56.75417522174825,
        62.23343383284333,
        61.66562163263444
      ],
      [
        65.58337404388116,
        88.57563707122398,
        61.49017013254328
      ],
      [
        48.6591264212071,
        90.87629903453588,
        60.623571937159724
      ],
      [
        57.121627585045644,
        44.96669401897694,
        57.11500649680469
      ],
      [
        87.22662280169345,
        90.66531600947305,
        56.67661527741322
      ],
      [
        75.0376191147225,
        83.88718261040574,
        40.751630514945816
      ],
      [
        29.042336144518355,
        83.25629809670374,
        35.820918177276795
      ],
      [
        34.721229228213396,
        82.90002586467232,
        35.038614556666
      ],
      [
        38.260334041791936,
        84.27794947953184,
        46.7518094403259
      ],
      [
        121.85333029449733,
        220.41900274235542,
        79.23336504958539
      ],
      [
        101.16614949902308,
        85.23442994562356,
        80.03290282612424
      ],
      [
        101.13632290041576,
        135.16527049205362,
        59.26459604960998
      ],
      [
        117.70605609708909,
        220.41900274235542,
        77.05575181712801
      ]
    ],
    "oven": [
      [
        159.00169859028654,
        86.62921163425904,
        76.93135251455381
      ],
      [
        57.121627585045644,
        45.89734272003349,
        57.34226416199078
      ]
    ],
    "stove": [
      [
        158.48427189414008,
        8.302650807850057,
        72.30301961125329
      ]
    ],
    "sink": [
      [
        56.75417522174825,
        22.787840686556997,
        48.396518370960294
      ]
    ],
    "sofa": [
      [
        282.31170753006234,
        92.48013189296069,
        94.05716201777712
      ],
      [
        97.88705203191857,
        81.39872057141183,
        100.72722679256898
      ]
    ],
    "shelf": [
      [
        77.69890753535557,
        93.57427327802787,
        37.285534033534056
      ]
    ],
    "table": [
      [
        109.53070987153895,
        77.52436592058307,
        114.7189622930692
      ],
      [
        65.39517883110187,
        70.32977898760772,
        42.998111913613904
      ]
    ],
    "chair": [
      [
        46.75448137572433,
        90.77201501944558,
        66.13059012422092
      ],
      [
        63.30544545799799,
        81.00962142041614,
        59.986335957715475
      ],
      [
        48.72082484271401,
        85.69578608640936,
        59.045017905756005
      ]
    ],
    "tv_monitor": [
      [
        88.29005307016092,
        54.94208044634761,
        2.61584460435224
      ]
    ],
    "stool": [
      [
        41.12550026255122,
        44.16442745418438,
        34.23367374289876
      ]
    ]
  }
}