{
  "source_file": "42445981_3dod_annotation.json",
  "axes_by_label": {
    "sofa": [
      [
        150.2359226135537,
        92.0331279099278,
        97.95465190007441
      ],
      [
        208.32127065281924,
        92.04230224920686,
        104.34091307060915
      ]
    ],
    "cabinet": [
      [
        54.40827822802784,
        47.76500951807433,
        53.82001976387151
      ],
      [
        144.14146067566853,
        80.98430018037422,
        44.78435077084548
      ]
    ],
    "table": [
      [
        56.33352549541241,
        41.22779484071263,
        36.29840295387113
      ],
      [
        91.46993624421074,
        39.858933723907654,
        59.94783572704841
      ],
      [
        117.64463768268962,
        72.82418178607604,
        73.6801623941906
      ],
      [
        56.125752126966844,
        43.555960979653854,
        57.29139039831806
      ]
    ],
    "tv_monitor": [
      [
        100.02427674464892,
        53.88219784533096,
        5.105676363398636
      ]
    ],
    "chair": [
      [
        39.30411296707843,
        87.51871070895253,
        49.37944195032515
      ],
      [
        37.29841306530751,
        85.35032184596149,
        46.437274398985245
      ],
      [
        37.19244588759802,
        85.85184535183788,
        47.98014071549104
      ],
      [
        36.13956508505314,
        89.01061071955087,
        47.98014071549104
      ],
      [
        36.59173368858273,
        52.25815366088683,
        36.06272912893098
      ]
    ]
  }
}