{
  "source_file": "42446151_3dod_annotation.json",
  "axes_by_label": {
    "sofa": [
      [
        186.76752011267055,
        90.28459787368774,
        104.72558490751015
      ],
      [
        114.78588834218357,
        93.88449580598311,
        106.28348419517023
      ],
      [
        57.78069188314545,
        63.57956044448409,
        63.57762775242558
      ],
      [
        68.58358911065139,
        76.212371615471,
        82.26839067935047
      ]
    ],
    "cabinet": [
      [
        134.8595972239922,
        102.94813856827861,
        47.580992349474315
      ]
    ],
    "shelf": [
      [
        133.55943737119625,
        105.3912219783485,
        29.82494435774138
      ]
    ],
    "stool": [
      [
        31.15683655852348,
        24.99949291801262,
        36.06346860981864
      ],
      [
        31.7884048392218,
        49.94034269583824,
        29.382992753177263
      ]
    ],
    "table": [
      [
        98.04063957744091,
        42.3292480034355,
        44.16131905916805
      ],
      [
        110.66557818840369,
        51.497977183480955,
        54.228348149076425
      ]
    ],
    "fireplace": [
      [
        218.8350547864868,
        171.087608620943,
        107.46571883883934
      ]
    ],
    "tv_monitor": [
      [
        91.96930751195703,
        54.26541375656956,
        4.3686784266319085
      ]
    ]
  }
}