{
  "source_file": "42445984_3dod_annotation.json",
  "axes_by_label": {
    "table": [
      [
        355.9423581818206,
        72.72824314008936,
        110.83898959648506
      ]
    ],
    "chair": [
      [
        47.539149685769,
        89.33178597266485,
        48.48831012462391
      ],
      [
        44.168057423582376,
        89.3480195683266,
        54.096043162043586
      ],
      [
        43.45684042914471,
        89.3480195683266,
        55.78514933259897
      ],
      [
        52.427834389758594,
        89.3480195683266,
        49.95335710909376
      ],
      [
        45.84215327117721,
        89.3480195683266,
        54.02767227504736
      ],
      [
        51.32723234299852,
        93.17024211811218,
        49.95335710909376
      ],
      [
        53.49156653025256,
        93.17024211811218,
        49.95335710909376
      ],
      [
        50.395511444155574,
        93.17024211811218,
        49.95335710909376
      ],
      [
        55.990313784027556,
        93.92188727753128,
        51.297865688799284
      ],
      [
        48.74638706459051,
        92.33898965532885,
        58.22515138353943
      ],
      [
        52.099071815380306,
        92.33898965532885,
        58.22515138353943
      ],
      [
        53.20129754050337,
        93.78625505803807,
        51.74408677420224
      ]
    ],
    "fireplace": [
      [
        184.6334235140679,
        130.90224935481885,
        83.23334054006676
      ]
    ],
    "cabinet": [
      [
        78.77049048003413,
        77.46676960576859,
        60.653620025272865
      ],
      [
        116.20251058392925,
        65.62357316771664,
        54.012782076264784
      ],
      [
        56.38776128330174,
        77.08942594540385,
        59.00768370671167
      ]
    ]
  }
}