{
  "source_file": "42446529_3dod_annotation.json",
  "axes_by_label": {
    "bed": [
      [
        162.7076179731388,
        58.67507763520044,
        215.98695136783027
      ]
    ],
    "cabinet": [
      [
        38.718394686680575,
        45.71867807060267,
        44.75013803135076
      ],
      [
        39.244058915836156,
        55.98354442686738,
        49.98880425198893
      ],
      [
        84.36342500919848,
        186.70498225572342,
        55.55318667428768
      ]
    ],
    "chair": [
      [
        41.27832099493975,
        64.2308474278282,
        43.853264499908214
      ]
    ],
    "shelf": [
      [
        200.9054190261744,
        200.28832055054582,
        61.12249248400962
      ]
    ],
    "table": [
      [
        46.425678572461024,
        91.77841332163726,
        41.89610661151622
      ]
    ]
  }
}