{
  "source_file": "42445429_3dod_annotation.json",
  "axes_by_label": {
    "sofa": [
      [
        190.16343900872747,
        81.18917939305084,
        108.5274585157878
      ]
    ],
    "table": [
      [
        55.78784406412677,
        42.84781841883365,
        54.94764280433814
      ]
    ],
    "shelf": [
      [
        45.687723895967856,
        64.9481334234812,
        67.84866726573037
      ],
      [
        33.184886845333146,
        199.65226744357494,
        42.257036801129125
      ],
      [
        48.811474741506174,
        64.83984903547622,
        67.45841902400232
      ]
    ],
    "cabinet": [
      [
        33.106908554296986,
        199.65226744357494,
        40.501541023234815
      ],
      [
        38.30830925706631,
        199.65226744357494,
        41.74720343732357
      ],
      [
        94.84923968720565,
        132.40139488929432,
        48.639318744884804
      ]
    ],
    "tv_monitor": [
      [
        108.12055306030311,
        65.77496016824087,
        4.349890792098103
      ]
    ]
  }
}