{
  "source_file": "42446167_3dod_annotation.json",
  "axes_by_label": {
    "cabinet": [
      [
        44.664615690549184,
        157.80242242642606,
        51.47102863546989
      ],
      [
        79.57781177637915,
        233.83312721553793,
        51.47102863546989
      ],
      [
        192.27406533251116,
        74.96472752597333,
        51.47102863546989
      ],
      [
        140.66661295296535,
        233.83312721553793,
        51.47102863546989
      ],
      [
        102.79182595903072,
        75.6518739698213,
        45.13082630975691
      ]
    ],
    "bed": [
      [
        173.61911467397343,
        65.94080230968002,
        210.56006475734327
      ]
    ],
    "table": [
      [
        145.3731422955777,
        75.97624323117023,
        49.12468785143241
      ]
    ],
    "toilet": [
      [
        46.61432880401782,
        82.34382047516166,
        58.69784228609466
      ]
    ],
    "tv_monitor": [
      [
        57.5452344511336,
        36.17439652994335,
        5.902943260673972
      ]
    ]
  }
}