{
  "source_file": "42446056_3dod_annotation.json",
  "axes_by_label": {
    "chair": [
      [
        69.16832993363562,
        88.26983314627273,
        99.14890931315654
      ],
      [
        38.33768956571894,
        49.77195158406866,
        38.75194665636346
      ],
      [
        54.721988385342556,
        61.27277204362609,
        56.67071638205699
      ]
    ],
    "bed": [
      [
        90.3695498325049,
        37.03978689438917,
        172.98853190142225
      ]
    ],
    "cabinet": [
      [
        67.8528225113441,
        68.65370659352196,
        35.71603871560879
      ],
      [
        64.44230064258076,
        68.88794559559939,
        39.27517715123749
      ],
      [
        114.90936161750479,
        187.22852108150363,
        58.739959941937194
      ]
    ],
    "table": [
      [
        48.87557288225788,
        38.181630626133625,
        43.84408170539621
      ],
      [
        56.92055856017236,
        68.17852509677861,
        22.756327092094864
      ]
    ]
  }
}