{
  "source_file": "42444954_3dod_annotation.json",
  "axes_by_label": {
    "toilet": [
      [
        51.279078060706986,
        73.31875564878035,
        67.08013320181274
      ]
    ],
    "bathtub": [
      [
        157.79709911072214,
        55.53491080846753,
        68.45112114639949
      ]
    ],
    "sink": [
      [
        50.446181768698025,
        23.04699735871889,
        41.50007001379653
      ]
    ],
    "refrigerator": [
      [
        52.98459724287906,
        131.24276492326433,
        40.929814725131955
      ]
    ]
  }
}