{
  "source_file": "42444950_3dod_annotation.json",
  "axes_by_label": {
    "sofa": [
      [
        180.92550583366625,
        67.99110702124551,
        90.90759989517194
      ]
    ],
    "cabinet": [
      [
        77.18302036136213,
        183.02755280568164,
        61.65538672935733
      ]
    ],
    "table": [
      [
        107.17882558825787,
        76.80442473250106,
        106.23079538582249
      ]
    ],
    "chair": [
      [
        46.62552055182566,
        81.63450776872851,
        48.65429819321427
      ]
    ],
    "fireplace": [
      [
        160.80393114803218,
        129.58733753820823,
        24.244589830709845
      ]
    ]
  }
}