{
  "source_file": "42446049_3dod_annotation.json",
  "axes_by_label": {
    "refrigerator": [
      [
        62.023210819609766,
        186.46483477282266,
        66.83690959732368
      ]
    ],
    "cabinet": [
      [
        207.26227491233394,
        82.4528870191222,
        32.80370669186566
      ],
      [
        93.22281750668397,
        93.82641134026522,
        57.97959063783919
      ],
      [
        36.909969133391996,
        93.60341606946521,
        58.08005269799269
      ],
      [
        93.27178091286034,
        94.61904456657611,
        62.08210140773917
      ],
      [
        42.28820607645962,
        94.44156475153991,
        58.986014203601314
      ],
      [
        80.15254556490929,
        95.26633185205391,
        58.86877915085687
      ],
      [
        47.581293764188935,
        81.71568360934555,
        32.418190376867514
      ]
    ],
    "washer": [
      [
        64.98141827420108,
        93.76241408643465,
        62.35648825234431
      ]
    ],
    "sink": [
      [
        38.882085147100334,
        17.79948849119785,
        43.36012511526566
      ],
      [
        20.056574325353143,
        17.79948849119785,
        32.05626784547977
      ]
    ],
    "oven": [
      [
        89.15414472365505,
        89.20689172192391,
        60.259471792381916
      ]
    ],
    "stove": [
      [
        89.15414472365505,
        7.596622632577437,
        59.45583267795927
      ]
    ]
  }
}