{
  "source_file": "42445031_3dod_annotation.json",
  "axes_by_label": {
    "bed": [
      [
        149.61476761531569,
        55.6222130117994,
        205.6268354902033
      ]
    ],
    "cabinet": [
      [
        164.84839620989436,
        75.13840983324842,
        49.96727680567474
      ],
      [
        41.986169988549335,
        54.53967158006516,
        53.910129569601786
      ]
    ],
    "tv_monitor": [
      [
        114.56341841780826,
        73.17949735906487,
        5.754774416712108
      ]
    ],
    "shelf": [
      [
        78.09931567346511,
        196.41094916616476,
        44.546383418192676
      ]
    ],
    "table": [
      [
        105.4911923800838,
        72.12558593513644,
        65.56295865889915
      ]
    ]
  }
}