{
  "source_file": "42446517_3dod_annotation.json",
  "axes_by_label": {
    "shelf": [
      [
        58.9522290717334,
        89.62468525742638,
        29.124418883182763
      ]
    ],
    "table": [
      [
        103.37426721613826,
        74.15188178152255,
        53.981332138855855
      ],
      [
        105.13411108888262,
        74.53277187276662,
        68.11571057918752
      ],
      [
        36.75816515313886,
        54.69283385879849,
        30.406580352607836
      ]
    ],
    "chair": [
      [
        63.205552324040134,
        83.73909094082862,
        65.3404578772655
      ]
    ],
    "bed": [
      [
        116.3462555003075,
        52.01973774364157,
        211.89000420444918
      ],
      [
        110.79976222541164,
        47.859621445106555,
        211.59826511648689
      ]
    ],
    "tv_monitor": [
      [
        110.96578703087394,
        50.0373818742417,
        4.5757016304313165
      ]
    ]
  }
}