{
  "source_file": "42444976_3dod_annotation.json",
  "axes_by_label": {
    "refrigerator": [
      [
        69.35353583223812,
        185.72494448486015,
        64.72122928184395
      ]
    ],
    "cabinet": [
      [
        89.51776742572926,
        90.82229827404737,
        57.14161052414379
      ],
      [
        29.716131263047984,
        90.82229827404737,
        60.46497418432919
      ],
      [
        59.571995305577715,
        88.94963714035171,
        63.01430042415206
      ],
      [
        88.79079583852166,
        77.44719809788162,
        27.09438231144954
      ],
      [
        88.85197065795832,
        83.60464336985424,
        31.165401440191072
      ],
      [
        60.12312755517362,
        83.55619338902628,
        39.63191064160508
      ],
      [
        39.83901804795311,
        196.99601716817733,
        45.69900411218854
      ],
      [
        39.747827234097755,
        197.03179015194075,
        42.266293106913665
      ]
    ],
    "oven": [
      [
        58.05150788325856,
        90.82229827404737,
        58.21674767016983
      ]
    ],
    "dishwasher": [
      [
        58.10862008702677,
        90.82229827404737,
        63.09457143211651
      ]
    ],
    "washer": [
      [
        62.02050715524682,
        88.94963714035171,
        66.89473681124629
      ]
    ],
    "sink": [
      [
        44.05110720321583,
        13.728628971605517,
        48.24875029541277
      ]
    ],
    "chair": [
      [
        43.75642175858799,
        89.30771130504438,
        50.15401661045837
      ],
      [
        43.28844275038473,
        88.67362451348562,
        52.029708550390076
      ],
      [
        43.28844275038473,
        87.31587080928229,
        52.029708550390076
      ]
    ],
    "table": [
      [
        105.43989125797656,
        75.86708975214545,
        99.86918773108818
      ]
    ],
    "shelf": [
      [
        29.404257910122837,
        197.10896684212514,
        38.86214692736626
      ]
    ]
  }
}