{
  "source_file": "42446535_3dod_annotation.json",
  "axes_by_label": {
    "toilet": [
      [
        41.01643798003462,
        83.10041008551431,
        69.08187865372487
      ]
    ],
    "sink": [
      [
        53.073766935577346,
        17.984472721709913,
        42.479789758035
      ]
    ],
    "bathtub": [
      [
        154.50459736184058,
        54.423065840701504,
        59.87695892503654
      ]
    ],
    "shelf": [
      [
        43.62566208370275,
        192.53583871871484,
        38.671167406435714
      ]
    ]
  }
}