{
  "source_file": "42446541_3dod_annotation.json",
  "axes_by_label": {
    "cabinet": [
      [
        125.92355170823406,
        95.49676666125552,
        59.05201778355288
      ],
      [
        44.81722219730751,
        93.4264040708614,
        68.6633273999858
      ],
      [
        146.1053592300456,
        93.87794185432692,
        68.21809657610274
      ],
      [
        45.05358651769754,
        81.32533622116198,
        34.22678409459729
      ],
      [
        73.2170284718276,
        79.55846577015637,
        35.39144595708017
      ],
      [
        157.39119952662156,
        81.2049825486589,
        28.981416265865168
      ],
      [
        77.13846873227325,
        219.1478581886691,
        49.13726075160326
      ],
      [
        172.01644486699175,
        59.376225986062856,
        52.015345981770544
      ],
      [
        80.45497000202985,
        53.04385901161305,
        39.53825774932094
      ],
      [
        172.82672136642654,
        46.874410463865544,
        30.33346313393497
      ]
    ],
    "oven": [
      [
        59.96492025626583,
        93.43261280523869,
        69.45986512259336
      ]
    ],
    "sink": [
      [
        55.37232902783109,
        27.673160783904006,
        52.07805009077874
      ],
      [
        36.525656980474906,
        27.673160783904006,
        52.11307764073169
      ]
    ],
    "washer": [
      [
        62.187158113621535,
        90.09700142035516,
        72.66508264681866
      ]
    ],
    "refrigerator": [
      [
        60.233198627195605,
        169.66492755915323,
        69.73796132084354
      ]
    ],
    "table": [
      [
        92.64656189172771,
        75.69801582722697,
        93.95915348437902
      ],
      [
        61.40674054649907,
        39.36461021459252,
        34.97036265299048
      ],
      [
        101.72226561812087,
        89.79953807153666,
        25.484292723260644
      ]
    ],
    "chair": [
      [
        45.24642538708132,
        110.42329918797778,
        47.2898751023721
      ],
      [
        46.796379826172355,
        108.2450008485315,
        50.45264761887107
      ],
      [
        45.09790356547662,
        108.54500084853147,
        48.836958877218024
      ],
      [
        45.5643623219677,
        107.00582547699713,
        53.430133981347474
      ]
    ],
    "sofa": [
      [
        75.91532315661175,
        39.798417905101424,
        48.59537797722904
      ],
      [
        245.64580975135027,
        85.11325283188974,
        110.90928057321707
      ]
    ],
    "tv_monitor": [
      [
        119.21539461443449,
        73.90704448385335,
        4.025431848746259
      ]
    ]
  }
}