{
  "source_file": "42899617_3dod_annotation.json",
  "axes_by_label": {
    "sink": [
      [
        58.76933010720573,
        23.90024465518448,
        40.4659609459791
      ]
    ],
    "bathtub": [
      [
        174.01236020356754,
        57.95824313910205,
        68.28373958929038
      ]
    ],
    "toilet": [
      [
        51.92322734526728,
        98.38370134299346,
        73.82494850757868
      ]
    ]
  }
}