{
  "source_file": "42897629_3dod_annotation.json",
  "axes_by_label": {
    "table": [
      [
        123.21490385784548,
        75.58222603248785,
        50.53150329338807
      ],
      [
        302.93245013326947,
        94.06675632304959,
        149.73815501515148
      ],
      [
        67.4233482330902,
        74.18211344038751,
        66.28571554240285
      ],
      [
        54.3742879467359,
        74.91987080553494,
        35.24687424298129
      ]
    ],
    "cabinet": [
      [
        232.0617646092473,
        89.63375188313279,
        62.19483417545087
      ],
      [
        222.24693152194038,
        89.19053339577161,
        41.19212504371972
      ],
      [
        254.83305985513712,
        86.83635948314506,
        116.93810140793663
      ],
      [
        137.1346585765935,
        89.04894126694953,
        57.22971557323673
      ],
      [
        63.53163901222442,
        86.46849016519988,
        57.22971557323673
      ],
      [
        20.082608636603148,
        86.94656396146678,
        60.30733390712886
      ],
      [
        59.921000910270486,
        103.40308444604173,
        58.40984186370132
      ],
      [
        99.39228081425047,
        47.022506637672194,
        57.692182270876344
      ],
      [
        26.183396749316657,
        96.80418031624976,
        28.225823824920575
      ],
      [
        83.33540756081389,
        96.80418031624976,
        31.866924285103305
      ],
      [
        112.23430819661682,
        61.80906462001459,
        30.19615146258286
      ],
      [
        284.15275927461533,
        88.07688461345583,
        62.00341030349457
      ],
      [
        86.8976831920943,
        95.93790133789902,
        34.45695262616867
      ],
      [
        174.33271725684122,
        107.16980167738002,
        57.3646540072299
      ],
      [
        69.86555103251126,
        88.47123377581684,
        58.37984248225595
      ]
    ],
    "chair": [
      [
        46.131690080063834,
        99.24176699825603,
        45.988558085116125
      ],
      [
        43.69159102044379,
        99.45908915919773,
        43.34944443263968
      ],
      [
        45.28694189176127,
        99.54424476475846,
        48.543562759289316
      ],
      [
        49.59687292112331,
        96.90283693211967,
        48.18678135345378
      ],
      [
        47.58299166586348,
        99.7041381148049,
        51.00052834494919
      ]
    ],
    "refrigerator": [
      [
        99.33716632110486,
        178.3529834530145,
        73.44436983194363
      ]
    ],
    "oven": [
      [
        119.16404409587462,
        70.54793123431213,
        61.139370047762995
      ],
      [
        59.921000910270486,
        39.13139194962396,
        61.77283150305115
      ]
    ],
    "stove": [
      [
        119.16404409587462,
        17.566486159224006,
        61.139370047762995
      ]
    ],
    "sink": [
      [
        57.68009445213429,
        25.64120160179353,
        44.13253819904723
      ],
      [
        16.123116007762885,
        23.003010281636055,
        44.13253819904723
      ]
    ],
    "sofa": [
      [
        221.57837100348559,
        89.63375188313279,
        100.33692598475217
      ],
      [
        207.311009730246,
        94.70294968539609,
        91.68267491191571
      ]
    ],
    "tv_monitor": [
      [
        90.92924495817307,
        54.666871554301935,
        11.205918644516972
      ]
    ],
    "washer": [
      [
        64.89097609429325,
        88.47123377581684,
        62.339288976443875
      ],
      [
        61.175953629344605,
        88.47123377581684,
        61.03925269669348
      ]
    ]
  }
}