{
  "source_file": "42897564_3dod_annotation.json",
  "axes_by_label": {
    "chair": [
      [
        48.57568676351574,
        96.54863225267057,
        51.311274905377026
      ],
      [
        43.833873335692005,
        98.6198662870929,
        55.03856871337496
      ],
      [
        47.30683761261675,
        97.20452823539567,
        57.51827812137592
      ],
      [
        51.320093343586684,
        96.79379138016002,
        55.5909927309147
      ],
      [
        51.316674067803916,
        101.42160651598444,
        52.48885921254721
      ],
      [
        51.316674067803916,
        101.75294754671754,
        54.34237954435581
      ],
      [
        52.671664888339755,
        87.32917536075097,
        50.504865899091264
      ]
    ],
    "table": [
      [
        65.14091853648289,
        108.42965201694956,
        34.44622174236363
      ]
    ],
    "stool": [
      [
        71.29737864282393,
        51.63901826731006,
        65.65748844914181
      ]
    ],
    "refrigerator": [
      [
        46.46420079742381,
        92.61935365141629,
        35.88253478467734
      ]
    ],
    "cabinet": [
      [
        136.4380636601081,
        230.272379223067,
        64.70642552984958
      ]
    ]
  }
}