{
  "source_file": "42899685_3dod_annotation.json",
  "axes_by_label": {
    "cabinet": [
      [
        150.80568751536805,
        92.22349896560661,
        61.77725899892965
      ],
      [
        70.6836797950589,
        229.21679178665278,
        63.680398060671706
      ],
      [
        25.373779357962178,
        91.54898557380525,
        63.31270859070111
      ],
      [
        139.44667886987756,
        91.60357867778063,
        66.438080202212
      ],
      [
        280.8404509952615,
        86.6481034039997,
        36.29772744143217
      ]
    ],
    "oven": [
      [
        62.249483751390756,
        91.443604325448,
        63.34894221163735
      ]
    ],
    "washer": [
      [
        58.17861399862389,
        92.22349896560661,
        62.07363171374367
      ]
    ],
    "dishwasher": [
      [
        61.97676984203885,
        92.22349896560661,
        64.38761399365504
      ]
    ],
    "sofa": [
      [
        145.6104755857597,
        70.26473084666168,
        82.75580478108608
      ],
      [
        143.82939307588435,
        73.14550171659215,
        83.11972160648588
      ],
      [
        125.31079359659849,
        80.94928514427446,
        129.09615121359005
      ]
    ],
    "table": [
      [
        105.40477884195005,
        41.61227218208752,
        61.871819209818725
      ],
      [
        100.76866632266443,
        45.42372553275925,
        48.851249697045155
      ],
      [
        123.49010288921427,
        74.97116996619272,
        62.61355139806961
      ]
    ],
    "stool": [
      [
        55.53132938663453,
        38.223281028344886,
        51.47686250553759
      ]
    ],
    "tv_monitor": [
      [
        90.47861375433335,
        62.54658344544979,
        6.234267157457633
      ],
      [
        50.63822262241876,
        37.43784493263409,
        4.173178052322799
      ]
    ],
    "chair": [
      [
        42.811775335951296,
        77.33793217314025,
        52.083250893229085
      ],
      [
        43.10213503391174,
        86.7438500427809,
        60.42663594749097
      ],
      [
        43.10213503391174,
        86.7438500427809,
        60.42663594749097
      ],
      [
        43.10213503391174,
        85.65052307822526,
        60.42663594749097
      ]
    ],
    "sink": [
      [
        59.19271543518444,
        15.215548925747754,
        43.778381633480805
      ]
    ]
  }
}