{
  "source_file": "42897647_3dod_annotation.json",
  "axes_by_label": {
    "sofa": [
      [
        235.59696793011432,
        94.66738240484742,
        108.4544011231364
      ],
      [
        227.38803040742238,
        92.28254062822394,
        101.91757413388287
      ]
    ],
    "table": [
      [
        43.12768081940543,
        51.345138077704476,
        44.44568532754954
      ],
      [
        146.11220996667913,
        54.54626388259992,
        60.96652230287152
      ],
      [
        59.952617215382844,
        76.8934008711132,
        54.956835026667925
      ],
      [
        234.09258757060877,
        92.97071565069379,
        128.86130500216714
      ]
    ],
    "tv_monitor": [
      [
        112.81359333617662,
        71.92269603863197,
        5.129954766848201
      ]
    ],
    "cabinet": [
      [
        48.72325976816547,
        108.40751644885877,
        55.367789938371146
      ],
      [
        61.85046128078325,
        93.21578085402534,
        54.85988397795519
      ],
      [
        68.53388236928411,
        104.5694175818338,
        49.42856772891788
      ],
      [
        237.306318977841,
        92.97071565069379,
        67.21833122680833
      ],
      [
        236.66732916663898,
        92.97071565069379,
        45.79070953554406
      ],
      [
        323.984143510979,
        91.2232280026945,
        64.96584470176634
      ],
      [
        79.39548580277733,
        91.2232280026945,
        38.553760783175534
      ]
    ],
    "chair": [
      [
        53.189055853181934,
        100.3559814204226,
        54.24609039569353
      ]
    ]
  }
}