{
  "source_file": "42897550_3dod_annotation.json",
  "axes_by_label": {
    "cabinet": [
      [
        62.03286399453768,
        72.17870647901853,
        32.90874582447044
      ],
      [
        64.81145206632307,
        61.3566806434776,
        14.755879160175079
      ]
    ],
    "sink": [
      [
        67.21341840107675,
        13.7823629582863,
        43.66298747667874
      ]
    ],
    "toilet": [
      [
        36.15666628321556,
        43.650566891102834,
        55.36967966052669
      ]
    ],
    "bathtub": [
      [
        161.3407034865228,
        57.16481240412802,
        83.28253505570108
      ]
    ]
  }
}