{
  "source_file": "42897538_3dod_annotation.json",
  "axes_by_label": {
    "refrigerator": [
      [
        60.283789382737496,
        182.74712085000112,
        69.90184017642572
      ]
    ],
    "cabinet": [
      [
        54.81887453063926,
        90.29847758883501,
        58.78532334572289
      ],
      [
        43.4758339324288,
        85.6873489456887,
        53.00883484159068
      ],
      [
        100.21359517596566,
        90.75428696346046,
        70.85525660653686
      ],
      [
        54.81887453063926,
        88.63303718530021,
        30.48100043106131
      ],
      [
        111.78806167292983,
        85.15874879167144,
        27.54721162198904
      ],
      [
        124.50629817189571,
        39.54898838769423,
        39.29747170924641
      ]
    ],
    "oven": [
      [
        66.88682807522062,
        90.71225034754829,
        52.78756938156304
      ]
    ],
    "sofa": [
      [
        153.7513663896206,
        87.58948360205136,
        95.33518775749819
      ],
      [
        227.61957672546603,
        87.5333100846831,
        94.04560767883684
      ]
    ],
    "table": [
      [
        56.15049863368412,
        54.0101253158017,
        57.736327083643125
      ],
      [
        92.65617806576556,
        45.52120497297457,
        28.92636460744406
      ],
      [
        18.998335094088826,
        43.240535586381405,
        18.222568340784385
      ]
    ],
    "stool": [
      [
        66.87810783752083,
        42.13074631221483,
        61.401673603270126
      ]
    ],
    "tv_monitor": [
      [
        126.23580524760358,
        83.53403466716858,
        4.720507631426161
      ]
    ]
  }
}