{
  "source_file": "42899698_3dod_annotation.json",
  "axes_by_label": {
    "cabinet": [
      [
        61.16559003550668,
        73.54516065801361,
        52.71823812825841
      ]
    ],
    "sink": [
      [
        63.88917023652086,
        12.744708684361242,
        50.01648149527769
      ]
    ],
    "bathtub": [
      [
        169.34425372926856,
        52.59963758066474,
        73.37642145212476
      ]
    ],
    "toilet": [
      [
        41.212314272273346,
        78.39897979688423,
        62.812821422861276
      ]
    ]
  }
}