{
  "source_file": "42898849_3dod_annotation.json",
  "axes_by_label": {
    "cabinet": [
      [
        139.4748229434352,
        107.90296408528157,
        43.170106577674574
      ],
      [
        104.68677847691932,
        83.53676979011472,
        44.80944344397034
      ],
      [
        209.51244341741528,
        83.609539035674,
        98.7473369618252
      ],
      [
        43.601072497660205,
        80.05059837508026,
        35.068365963727075
      ],
      [
        55.53133534174567,
        80.05059837508026,
        33.61895194549032
      ],
      [
        61.47111435906007,
        117.64991755566628,
        64.02830698519003
      ],
      [
        481.06779555136114,
        89.2767094383673,
        61.28234112223917
      ],
      [
        138.23087771150458,
        81.8823131653466,
        38.847647190981526
      ],
      [
        121.13576833124068,
        86.29188947514504,
        63.35535266957334
      ],
      [
        40.67574275863355,
        70.02570116363381,
        63.35535266957334
      ],
      [
        48.64797093094292,
        24.690219282395304,
        63.224417325296834
      ],
      [
        143.9629840355176,
        89.2767094383673,
        60.655352669573304
      ],
      [
        66.30641144395138,
        117.6997083019435,
        58.59537792651261
      ],
      [
        44.936553236942075,
        81.18555046118018,
        35.828335719678506
      ],
      [
        54.98957277106282,
        75.36986920181039,
        43.7336480563323
      ]
    ],
    "tv_monitor": [
      [
        63.547083063139645,
        45.86155052766615,
        4.011148327870387
      ]
    ],
    "fireplace": [
      [
        140.28077196867025,
        119.89727091119849,
        69.2669080249009
      ]
    ],
    "chair": [
      [
        53.2671282837609,
        86.09118449431028,
        50.5360932772364
      ],
      [
        34.23237650127129,
        54.23064487160501,
        32.47975386567634
      ],
      [
        40.61179801360841,
        85.99460647147569,
        50.900085637433264
      ],
      [
        40.61179801360841,
        85.93525224251837,
        46.706585452177485
      ],
      [
        39.80364962404683,
        93.49055937020492,
        42.387326875958564
      ],
      [
        40.61179801360841,
        93.59177243929213,
        40.40127105852562
      ],
      [
        40.61179801360841,
        93.52165598031827,
        40.80565205453371
      ],
      [
        46.89677282744677,
        102.44653719755983,
        60.37013251699784
      ]
    ],
    "sofa": [
      [
        181.7413404400883,
        80.58042015301328,
        96.948897385919
      ],
      [
        228.4894221380443,
        84.31361094103049,
        88.87425373470025
      ]
    ],
    "table": [
      [
        73.79604086902204,
        49.382822213751965,
        61.68025903765163
      ],
      [
        60.334547470492296,
        51.04454736077694,
        62.10341681241922
      ],
      [
        209.4719794700111,
        89.81296255809391,
        128.4678713818091
      ],
      [
        45.72262870913531,
        27.148041886560474,
        35.91268409087603
      ]
    ],
    "oven": [
      [
        48.64797093094292,
        45.39244021760831,
        63.324417325296835
      ]
    ],
    "stove": [
      [
        89.4471048559173,
        17.0859602197839,
        58.496387105668525
      ]
    ],
    "shelf": [
      [
        51.341157881814794,
        112.48025141322735,
        42.780828342306904
      ]
    ]
  }
}