{
  "source_file": "42897688_3dod_annotation.json",
  "axes_by_label": {
    "bed": [
      [
        199.72294292459162,
        56.58167187304486,
        235.53005755958242
      ]
    ],
    "cabinet": [
      [
        91.09545876057204,
        62.20452066715681,
        43.95394307119123
      ],
      [
        75.57622556758533,
        49.59354831777425,
        42.88474852484627
      ],
      [
        74.04599515849503,
        100.36588956667885,
        44.0841062595145
      ],
      [
        119.83749135569983,
        85.2032689538973,
        51.30701615544619
      ]
    ],
    "chair": [
      [
        53.46001006056497,
        82.58557627642362,
        58.56263146188419
      ],
      [
        46.73339863788968,
        87.49236282466903,
        51.02367606300242
      ]
    ],
    "stool": [
      [
        96.6523592360198,
        55.45586191239366,
        54.441845208484516
      ]
    ],
    "table": [
      [
        97.72412901534913,
        75.25264614093548,
        61.633673484887254
      ]
    ]
  }
}