{
  "source_file": "42897554_3dod_annotation.json",
  "axes_by_label": {
    "bed": [
      [
        105.44186925568151,
        51.00218855390975,
        208.85272362273017
      ]
    ],
    "cabinet": [
      [
        82.30484735553514,
        74.8424563058022,
        48.96940567473207
      ],
      [
        44.360337498319865,
        70.95685754223767,
        59.766063900258104
      ],
      [
        82.54676177344395,
        177.98767549544903,
        52.24597337005006
      ],
      [
        57.189739083268066,
        48.34899142945762,
        40.297055758187554
      ]
    ]
  }
}