{
  "source_file": "42898527_3dod_annotation.json",
  "axes_by_label": {
    "cabinet": [
      [
        53.19521261458428,
        228.29874769491448,
        62.10336301938171
      ],
      [
        64.18198622927656,
        71.96072924570299,
        59.17239099011496
      ],
      [
        64.68198622927653,
        66.58246407847943,
        61.29733939480607
      ],
      [
        145.09853862932295,
        91.28123736622584,
        59.61895295711882
      ],
      [
        27.68789805862984,
        97.19670933027967,
        37.82146055791
      ],
      [
        70.67795695232523,
        98.76613985351676,
        36.790089955054974
      ],
      [
        193.76968208755696,
        102.94116869453032,
        35.703306695093836
      ],
      [
        33.85125655920612,
        104.04359113504265,
        38.138248892006075
      ],
      [
        135.85693831479594,
        91.6593171675433,
        59.85599778155394
      ],
      [
        65.65999059651551,
        94.48524312635757,
        42.47818651790802
      ],
      [
        63.636132721120134,
        91.11110191039441,
        61.051659158404426
      ],
      [
        85.5307027285992,
        71.49591178918058,
        46.548128058670244
      ]
    ],
    "oven": [
      [
        64.18198622927656,
        89.62665344992786,
        59.372390990114965
      ]
    ],
    "stove": [
      [
        57.89620857125567,
        3.9285059027666596,
        58.9571531474142
      ]
    ],
    "washer": [
      [
        59.09308224857609,
        91.28123736622584,
        63.04340265350481
      ]
    ],
    "dishwasher": [
      [
        75.03384232894645,
        91.28123736622584,
        63.04340265350481
      ]
    ],
    "sink": [
      [
        38.878014546092786,
        20.24704029694476,
        47.55487222118942
      ],
      [
        16.914392387131528,
        14.926081896895907,
        31.507688089239036
      ]
    ],
    "refrigerator": [
      [
        63.200708155061704,
        184.30730514009747,
        71.33544058915543
      ]
    ],
    "chair": [
      [
        48.19229115378289,
        97.94882953209022,
        46.483153681988895
      ],
      [
        44.236239242134495,
        101.1171503837254,
        49.27883499555969
      ]
    ]
  }
}