{
  "source_file": "42899739_3dod_annotation.json",
  "axes_by_label": {
    "bed": [
      [
        158.0218585444849,
        57.09944182331627,
        225.88467455748096
      ]
    ],
    "cabinet": [
      [
        46.86768392657867,
        42.51796132869342,
        44.64367640327319
      ],
      [
        46.44435658941353,
        41.20644004769376,
        41.62017849330353
      ],
      [
        139.15281355341838,
        206.42980571577206,
        64.26427955207294
      ],
      [
        78.69015508723585,
        94.44755783825538,
        46.17979960544287
      ]
    ]
  }
}