{
  "source_file": "42899725_3dod_annotation.json",
  "axes_by_label": {
    "bathtub": [
      [
        169.25285170656306,
        54.915668647785324,
        71.22121489331425
      ]
    ],
    "toilet": [
      [
        37.584854671234275,
        44.246770483952005,
        55.093468852507456
      ]
    ],
    "sink": [
      [
        57.592923881152394,
        16.268714609157932,
        45.20015817017256
      ]
    ]
  }
}