{
  "source_file": "42897692_3dod_annotation.json",
  "axes_by_label": {
    "bed": [
      [
        166.33657225613322,
        57.204071357138,
        214.55119442353464
      ]
    ],
    "table": [
      [
        44.73190831340661,
        59.64911483414708,
        50.03658556705469
      ]
    ],
    "cabinet": [
      [
        92.68081891173777,
        88.2403765595017,
        55.53772162543689
      ],
      [
        48.444024225772246,
        72.82356225651831,
        39.43514651220669
      ],
      [
        47.900034184427255,
        68.879205287633,
        45.747829633091364
      ]
    ],
    "shelf": [
      [
        47.84834681800744,
        91.40645500481445,
        40.27675274747699
      ]
    ],
    "stool": [
      [
        98.12621519265863,
        56.899655761634484,
        48.81911502812797
      ]
    ]
  }
}