{
  "source_file": "42899461_3dod_annotation.json",
  "axes_by_label": {
    "sofa": [
      [
        236.99116917827007,
        90.68336849456396,
        98.04647262770648
      ]
    ],
    "table": [
      [
        58.72012189623912,
        44.59225360534614,
        56.806605389604314
      ],
      [
        59.733244297463926,
        45.48525841237279,
        62.76985534740177
      ],
      [
        102.2122316513791,
        72.51501412650856,
        103.94725168370074
      ]
    ],
    "fireplace": [
      [
        43.27660485847269,
        78.22639418921622,
        37.1873117874462
      ]
    ],
    "tv_monitor": [
      [
        70.22571223050717,
        45.256003259331465,
        3.242450914921103
      ]
    ],
    "chair": [
      [
        50.940213861402384,
        77.81327639499233,
        48.57751398328308
      ],
      [
        45.05074373218199,
        77.81327639499233,
        45.85944808675129
      ],
      [
        53.46392297522991,
        103.63526650778144,
        42.3601549997782
      ],
      [
        53.46392297522991,
        103.62006338483883,
        42.3601549997782
      ]
    ],
    "cabinet": [
      [
        126.37924513035088,
        212.0501976614693,
        64.45202305612777
      ],
      [
        116.56374735488303,
        88.82350607164582,
        64.55704348151552
      ],
      [
        200.79678478055797,
        86.0344300258236,
        59.449420730493884
      ],
      [
        26.881408672575148,
        86.0511517597507,
        58.244250795578964
      ],
      [
        33.79048580267552,
        86.01510670253765,
        58.8834489435712
      ],
      [
        97.21588370084828,
        72.9032387715978,
        49.12393144465465
      ],
      [
        94.72340034439404,
        83.80415184876969,
        31.27472143787322
      ],
      [
        55.32925191732358,
        48.82146652070348,
        32.560365420394746
      ],
      [
        30.893074345501,
        83.79754452068335,
        31.996370768934252
      ]
    ],
    "oven": [
      [
        58.82990306266287,
        86.0659308342115,
        60.33267055225041
      ]
    ],
    "stove": [
      [
        44.38127475835827,
        3.525522082523188,
        54.773925996916425
      ]
    ]
  }
}