{
  "source_file": "42899696_3dod_annotation.json",
  "axes_by_label": {
    "bed": [
      [
        159.543766200722,
        75.02388617341569,
        206.38389477447018
      ]
    ],
    "table": [
      [
        57.96285741542123,
        59.15203446545318,
        45.77471481557593
      ],
      [
        63.1319830003208,
        59.18862107423063,
        41.116919128023326
      ]
    ],
    "cabinet": [
      [
        79.48989985241704,
        90.59057371004478,
        42.261609537409115
      ],
      [
        156.25221103366226,
        197.807292414097,
        54.375006461248034
      ],
      [
        100.0691941811009,
        83.71405489145329,
        43.440963260938695
      ]
    ],
    "sofa": [
      [
        148.63161174728197,
        84.110259332157,
        112.34456688888253
      ]
    ],
    "stool": [
      [
        53.01761435214836,
        34.817867177044675,
        52.620398978977455
      ]
    ],
    "tv_monitor": [
      [
        69.1945016436623,
        44.909176572065775,
        4.567442382554189
      ]
    ]
  }
}