{
  "source_file": "42897528_3dod_annotation.json",
  "axes_by_label": {
    "cabinet": [
      [
        63.075814887080114,
        90.02933127043217,
        57.88179221247558
      ],
      [
        48.95857909693629,
        90.06971008025928,
        60.02804864734755
      ],
      [
        92.87447806767014,
        89.4607712430741,
        59.64728677269261
      ],
      [
        64.60269903195105,
        90.06593969649239,
        60.21810674380157
      ],
      [
        106.3650556500024,
        89.53757328256424,
        31.030476251889365
      ],
      [
        187.04300471175264,
        81.33932668713271,
        31.46244678249403
      ],
      [
        107.04313972978639,
        54.28058598400598,
        31.75531546008259
      ],
      [
        36.51241905511033,
        80.76370739851565,
        31.521952350788602
      ],
      [
        111.09982074020147,
        81.3032405956992,
        30.42195235078859
      ]
    ],
    "oven": [
      [
        59.644829857005334,
        89.14725915515137,
        60.30023050570931
      ]
    ],
    "refrigerator": [
      [
        60.94898879291842,
        180.5295148719112,
        68.83570885870303
      ]
    ],
    "sink": [
      [
        46.67902397006791,
        27.650232592514314,
        40.82017981365227
      ]
    ],
    "washer": [
      [
        62.53012479995939,
        89.8659396964924,
        65.86714085651674
      ]
    ],
    "sofa": [
      [
        214.25265151130083,
        86.1985597646279,
        82.01387475077131
      ]
    ]
  }
}