{
  "source_file": "42898869_3dod_annotation.json",
  "axes_by_label": {
    "sofa": [
      [
        226.71874539255435,
        67.64308592369996,
        105.46476287781866
      ],
      [
        225.01764657794277,
        67.2067636289814,
        97.45363892364509
      ]
    ],
    "cabinet": [
      [
        151.66107034462115,
        75.55931207377087,
        47.36084028676443
      ],
      [
        63.77396107256052,
        68.21512063514052,
        32.75662805297293
      ],
      [
        41.27513912684737,
        60.71378388709129,
        43.46831274531613
      ],
      [
        151.40446063220142,
        81.67163603529792,
        38.955065900075915
      ]
    ],
    "tv_monitor": [
      [
        77.98012582441456,
        54.97930421512027,
        5.227173101746656
      ]
    ],
    "shelf": [
      [
        41.27513912684737,
        81.79436271670293,
        43.46831274531613
      ]
    ]
  }
}