{
  "source_file": "42899720_3dod_annotation.json",
  "axes_by_label": {
    "bed": [
      [
        163.09836814718432,
        69.2905020423259,
        229.76781734233285
      ]
    ],
    "toilet": [
      [
        36.694375173958214,
        43.49063318878797,
        54.089595793648094
      ]
    ],
    "sink": [
      [
        56.417969442355776,
        17.486558419319508,
        46.484148778148864
      ]
    ]
  }
}