{
  "source_file": "42898817_3dod_annotation.json",
  "axes_by_label": {
    "cabinet": [
      [
        141.6673390283668,
        120.92859814881388,
        49.004916808479315
      ],
      [
        88.40465979934775,
        71.29218044601242,
        56.803363133725426
      ],
      [
        57.96359028431054,
        123.64069416916732,
        69.25945049933011
      ]
    ],
    "washer": [
      [
        60.6426679365353,
        91.18591481158127,
        62.31440749197351
      ]
    ],
    "sink": [
      [
        41.49949698589009,
        20.33994014563254,
        58.730152530233504
      ]
    ]
  }
}