{
  "source_file": "42899712_3dod_annotation.json",
  "axes_by_label": {
    "sofa": [
      [
        240.5538326492001,
        90.29973915419453,
        102.83131073446641
      ],
      [
        79.60022802036077,
        47.99877400009819,
        72.79912884923097
      ],
      [
        73.27786555396321,
        90.81245116341644,
        81.59157714609107
      ]
    ],
    "table": [
      [
        110.5876345311055,
        49.108068449840644,
        51.064549836345094
      ],
      [
        71.81485932909156,
        55.64881815039862,
        71.28505656564631
      ]
    ],
    "tv_monitor": [
      [
        90.23162067392363,
        58.88127068173078,
        3.2907858088090896
      ]
    ],
    "cabinet": [
      [
        60.08066722075978,
        225.74889800932883,
        47.342179818534945
      ],
      [
        118.71847803903451,
        91.45453835148861,
        59.03593009870465
      ],
      [
        73.428187460453,
        224.11531601164313,
        58.50373469765236
      ],
      [
        138.3193894556156,
        91.92899956687842,
        59.96304794547071
      ],
      [
        61.69262435908907,
        90.54691178806915,
        58.47482977259942
      ],
      [
        73.27761933617671,
        90.62407265560063,
        57.98192449461769
      ],
      [
        194.66253412556628,
        49.36554001342638,
        32.427099266801626
      ]
    ],
    "chair": [
      [
        46.58819843645979,
        87.01667513764527,
        54.47368121314263
      ],
      [
        46.58819843645979,
        87.01667513764527,
        54.47368121314263
      ]
    ],
    "oven": [
      [
        59.53728608951367,
        90.62499525726231,
        58.4510339960297
      ]
    ],
    "stove": [
      [
        60.74649732290602,
        3.855971716194088,
        52.85047621737633
      ]
    ],
    "sink": [
      [
        50.078782100213445,
        20.68870129744319,
        47.888740196143615
      ]
    ]
  }
}