{
  "source_file": "42898486_3dod_annotation.json",
  "axes_by_label": {
    "cabinet": [
      [
        103.04427894879629,
        77.48944699524527,
        50.20335666160092
      ],
      [
        103.8170721133005,
        61.36064160234058,
        55.70665262625707
      ],
      [
        140.05710495555957,
        86.0048544286405,
        53.1529387533739
      ],
      [
        140.59462551637412,
        101.32566731194319,
        47.39540077852152
      ]
    ],
    "sofa": [
      [
        164.5605542281279,
        107.95862166475179,
        101.64432029237656
      ],
      [
        212.9522668817297,
        104.45904797053612,
        97.03941353160744
      ]
    ],
    "table": [
      [
        116.18838428401436,
        40.41627783347852,
        64.56742210224577
      ],
      [
        53.456103797693885,
        57.52929654567692,
        39.499838679675705
      ],
      [
        47.96860535646702,
        64.07603263250411,
        35.33396899897966
      ]
    ],
    "stool": [
      [
        83.66611372908086,
        41.69383270078529,
        62.051599952895295
      ],
      [
        44.407540585999996,
        48.94500395299336,
        37.3113413576564
      ]
    ],
    "fireplace": [
      [
        139.41127478310173,
        110.83312993249538,
        75.02064025571867
      ]
    ],
    "tv_monitor": [
      [
        97.78891795102153,
        61.244156298650424,
        5.663823393163932
      ]
    ]
  }
}