{
  "source_file": "42898581_3dod_annotation.json",
  "axes_by_label": {
    "bed": [
      [
        95.32892134686048,
        64.15283611244227,
        198.59715568149616
      ],
      [
        94.86886001157494,
        64.28084705736097,
        198.98481751218614
      ]
    ],
    "cabinet": [
      [
        55.111167198822706,
        63.98685204619752,
        50.66602766233286
      ],
      [
        118.55681326454561,
        116.042800212104,
        53.26327745739591
      ],
      [
        307.8403914472601,
        223.02314629521942,
        68.83411834603373
      ]
    ],
    "table": [
      [
        133.9555901312583,
        74.68995556053027,
        47.31383580226835
      ]
    ],
    "stool": [
      [
        48.874703537396634,
        48.026394665650294,
        35.17230151341648
      ]
    ],
    "tv_monitor": [
      [
        73.52237684525225,
        43.788009186956316,
        4.524638787240422
      ]
    ]
  }
}