{
  "source_file": "42898544_3dod_annotation.json",
  "axes_by_label": {
    "bed": [
      [
        139.72513443867976,
        75.31511179791244,
        198.14800416607227
      ]
    ],
    "cabinet": [
      [
        53.44570992959814,
        61.03621685379965,
        49.546323010233415
      ],
      [
        46.633910192385315,
        63.098834689248676,
        48.85287237412743
      ],
      [
        130.9832239408717,
        84.63511736142901,
        55.50224193025745
      ],
      [
        307.60251189106395,
        224.04457324092365,
        76.67339273065252
      ]
    ],
    "table": [
      [
        122.14197327086683,
        75.27456171235974,
        49.24552591764736
      ]
    ],
    "stool": [
      [
        46.83766276518422,
        45.94541686817058,
        43.48986112333585
      ]
    ]
  }
}