{
  "source_file": "42899612_3dod_annotation.json",
  "axes_by_label": {
    "bed": [
      [
        190.6910201521914,
        63.78024679123201,
        214.63712204313157
      ]
    ],
    "table": [
      [
        54.22775780209788,
        62.68470826584503,
        57.927708924450236
      ],
      [
        59.39922405086876,
        68.02275485292712,
        60.99284836001579
      ],
      [
        58.13374328670579,
        48.018395852077646,
        60.98545687196102
      ]
    ],
    "cabinet": [
      [
        91.03865575510764,
        241.64136420417756,
        72.67607551247916
      ],
      [
        79.03005335164633,
        85.42227096830615,
        50.26490138645933
      ],
      [
        88.92465628104308,
        242.66750780852405,
        68.41837184245348
      ],
      [
        51.69740126528488,
        119.62038529106658,
        43.909228658895806
      ]
    ],
    "stool": [
      [
        37.04802830997235,
        48.19910412931797,
        37.15781381088725
      ],
      [
        64.81991450250071,
        42.16067995545358,
        54.19111969091707
      ]
    ],
    "chair": [
      [
        83.99338572647451,
        87.37086406623555,
        85.31469648835586
      ]
    ],
    "sink": [
      [
        41.6876283818058,
        13.73737888438444,
        29.673736355249137
      ]
    ]
  }
}