{
  "source_file": "42899729_3dod_annotation.json",
  "axes_by_label": {
    "cabinet": [
      [
        49.5504636322542,
        47.14719498582796,
        46.22521303424285
      ],
      [
        140.25838074517424,
        207.82760154038132,
        62.481851632305684
      ],
      [
        74.42559193868246,
        96.55521044115126,
        49.8121266000103
      ],
      [
        50.64457487900699,
        43.11747132095397,
        48.38287373344859
      ]
    ],
    "bed": [
      [
        155.90636855570312,
        69.28465147680413,
        210.40128467877497
      ]
    ]
  }
}