{
  "source_file": "42897508_3dod_annotation.json",
  "axes_by_label": {
    "cabinet": [
      [
        66.55448628719769,
        237.89095002550633,
        60.38092213851848
      ],
      [
        90.38898152523873,
        91.20027694979194,
        60.38659075669327
      ],
      [
        304.7690872917346,
        93.29914041369476,
        61.58540931147458
      ],
      [
        85.91376118480132,
        92.12936347292471,
        60.210501101635316
      ],
      [
        66.51710561497275,
        61.09342412445348,
        59.62917527977306
      ],
      [
        68.70982632573319,
        68.40239484611003,
        58.83621956650556
      ],
      [
        85.5284083719025,
        30.273154863614355,
        32.78882513964662
      ],
      [
        48.961761746272146,
        98.28278835095075,
        35.52234571228276
      ],
      [
        105.64802066650194,
        125.40061625134511,
        47.535934516643046
      ],
      [
        146.92717799770745,
        99.40729666021217,
        34.74183952270758
      ],
      [
        122.83977170779816,
        46.65477745105345,
        43.53240574765779
      ]
    ],
    "oven": [
      [
        64.14283422986784,
        108.28208659781384,
        59.35605704713198
      ]
    ],
    "sink": [
      [
        61.24409794440727,
        22.331463974461677,
        40.27021273922982
      ]
    ],
    "sofa": [
      [
        307.5657175321668,
        72.34975830534111,
        102.0313102282654
      ],
      [
        127.24095691648097,
        50.56305076970131,
        114.98485855800638
      ]
    ],
    "chair": [
      [
        42.659619750456784,
        88.24016436161743,
        64.674199904438
      ]
    ]
  }
}