{
  "source_file": "42898826_3dod_annotation.json",
  "axes_by_label": {
    "bathtub": [
      [
        188.6473374212111,
        60.99445466978764,
        82.39626710501386
      ]
    ],
    "cabinet": [
      [
        44.03650740024195,
        81.34462072420277,
        40.106760195682035
      ],
      [
        117.54246710631129,
        68.94540253955007,
        37.81022695442563
      ]
    ],
    "toilet": [
      [
        38.72302654018313,
        80.595654323507,
        56.26852291067074
      ]
    ],
    "sink": [
      [
        63.21608436244942,
        20.090971788091707,
        37.81022695442563
      ]
    ]
  }
}