{
  "source_file": "44358582_3dod_annotation.json",
  "axes_by_label": {
    "bed": [
      [
        173.2733129362708,
        65.47115337724296,
        221.80598117991912
      ]
    ],
    "cabinet": [
      [
        46.2239816514722,
        57.55113153610391,
        48.50462520326401
      ],
      [
        47.561336481178955,
        58.94345546916388,
        41.91905758750023
      ],
      [
        163.2633418031574,
        95.25924576135995,
        52.40780441856689
      ]
    ]
  }
}