{
  "source_file": "44358451_3dod_annotation.json",
  "axes_by_label": {
    "cabinet": [
      [
        61.457028236154876,
        63.909559711961016,
        58.85667120571657
      ],
      [
        102.6783491591463,
        63.37538513273401,
        32.904365584425044
      ]
    ],
    "washer": [
      [
        63.23095156898121,
        84.92896532586389,
        67.5842439421436
      ],
      [
        47.383603982637794,
        84.13467952750784,
        58.783445445097804
      ]
    ],
    "oven": [
      [
        46.36514419932272,
        83.25273234098694,
        54.88208129746477
      ]
    ]
  }
}