{
  "source_file": "44358442_3dod_annotation.json",
  "axes_by_label": {
    "sofa": [
      [
        221.3890688352419,
        81.42426232169744,
        92.67535191182232
      ]
    ],
    "table": [
      [
        47.29306073510769,
        69.61666517359562,
        39.61253485976814
      ],
      [
        156.92439155304007,
        69.80029213470704,
        67.78916684987747
      ]
    ],
    "shelf": [
      [
        153.84689682886454,
        62.68046330988588,
        29.38722957050527
      ]
    ],
    "chair": [
      [
        61.01071995502167,
        108.88016464187538,
        65.10644783061082
      ]
    ],
    "cabinet": [
      [
        93.71506098930045,
        183.6575546281031,
        66.5912857508701
      ],
      [
        41.58323047454981,
        35.8240391365558,
        23.23903520070311
      ]
    ]
  }
}