{
  "source_file": "44358499_3dod_annotation.json",
  "axes_by_label": {
    "cabinet": [
      [
        143.65247032657552,
        79.04117269081114,
        52.101316908092315
      ],
      [
        111.58913622535333,
        80.75342627588319,
        62.61584122280839
      ],
      [
        142.74096955786314,
        211.52973816619186,
        62.10073915455381
      ],
      [
        49.918593451181806,
        90.99498517182614,
        62.24181289906733
      ],
      [
        43.43709800387259,
        90.99498517182614,
        64.31353975455389
      ],
      [
        181.64471200129083,
        90.99498517182614,
        61.639908691071945
      ],
      [
        102.79252487078713,
        90.78089430146196,
        42.185211499042666
      ],
      [
        63.20574223719995,
        123.03710476284044,
        38.695632019151766
      ],
      [
        35.329330667108174,
        78.855606251288,
        31.436052897498804
      ],
      [
        70.90377535091778,
        80.70004084839452,
        37.04054173035856
      ],
      [
        46.10489011298892,
        76.41944587813533,
        34.70757922867667
      ]
    ],
    "table": [
      [
        45.09464125080893,
        48.22158391015641,
        44.96297795734109
      ],
      [
        210.50583291364026,
        74.14838489796126,
        98.16984418729514
      ]
    ],
    "sofa": [
      [
        235.14947421926212,
        80.73606181578087,
        96.02815948830931
      ],
      [
        71.67566393557544,
        44.604902618672185,
        103.49545926220831
      ]
    ],
    "fireplace": [
      [
        172.1957082465735,
        120.97008321136128,
        82.41852434963648
      ]
    ],
    "tv_monitor": [
      [
        107.14415482989199,
        64.48536329319492,
        7.658720736913138
      ]
    ],
    "chair": [
      [
        45.71706443566197,
        71.72657723125036,
        47.66745645558141
      ],
      [
        44.052632356852776,
        74.40151778121528,
        50.14610783315468
      ],
      [
        42.194317257167775,
        72.02244951172327,
        47.714339593858206
      ],
      [
        41.523044992745646,
        79.88677765748041,
        37.92324818576975
      ]
    ],
    "oven": [
      [
        59.090920512276256,
        90.99498517182614,
        64.11312153851625
      ]
    ],
    "washer": [
      [
        58.31560442346503,
        90.78089430146196,
        71.20389940882744
      ]
    ],
    "dishwasher": [
      [
        64.79941349574098,
        90.78089430146196,
        63.29162277286894
      ]
    ],
    "sink": [
      [
        41.44994504862087,
        16.146827602949955,
        51.42791067169476
      ]
    ]
  }
}