{
  "source_file": "44358436_3dod_annotation.json",
  "axes_by_label": {
    "sofa": [
      [
        111.54045914837961,
        69.34476593170868,
        94.17027455942294
      ]
    ],
    "table": [
      [
        121.22864066406959,
        75.66826111968882,
        66.12093395142635
      ],
      [
        158.66081949372878,
        74.75823733653993,
        85.44299857103886
      ]
    ],
    "chair": [
      [
        52.38307851350056,
        78.32355525694827,
        61.42412326065397
      ],
      [
        52.614455664426686,
        94.19847358212998,
        60.808877567553374
      ],
      [
        69.50507339087677,
        117.80304658779198,
        74.02477063960063
      ]
    ],
    "cabinet": [
      [
        70.66737612570185,
        114.3299298434931,
        44.06483231402889
      ]
    ],
    "shelf": [
      [
        59.9129281726474,
        105.66036291076628,
        27.73051704186998
      ]
    ],
    "tv_monitor": [
      [
        43.63044809803272,
        27.840679246270383,
        2.8640159797607163
      ]
    ]
  }
}