{
  "source_file": "44358518_3dod_annotation.json",
  "axes_by_label": {
    "sofa": [
      [
        212.17431132299956,
        70.45334456076603,
        102.3733914457373
      ],
      [
        169.43050101145266,
        73.71195773282807,
        118.79173194594537
      ]
    ],
    "table": [
      [
        56.50595898291642,
        58.37303503747714,
        33.183145671203626
      ],
      [
        125.37639296751854,
        71.13009164325071,
        66.07929048833529
      ]
    ],
    "cabinet": [
      [
        39.965372236877826,
        63.41891122523915,
        53.12220458411022
      ],
      [
        42.193294925264986,
        53.88150126469974,
        47.428667641929835
      ],
      [
        115.8499036465267,
        76.11895045802082,
        52.78067637051547
      ],
      [
        117.74550071897934,
        75.87460494865157,
        47.93775558107789
      ]
    ],
    "chair": [
      [
        70.54828369140375,
        135.91314648752416,
        72.02618430767711
      ],
      [
        47.770401869702184,
        77.97888463102566,
        46.252810266160324
      ]
    ],
    "fireplace": [
      [
        157.5614634889624,
        120.95931933039789,
        46.53608109405453
      ]
    ],
    "tv_monitor": [
      [
        121.11942808168693,
        71.77539782123111,
        5.083395060471318
      ],
      [
        57.768309233886264,
        41.57820371929591,
        4.584226612445954
      ]
    ]
  }
}