{
  "source_file": "44358536_3dod_annotation.json",
  "axes_by_label": {
    "bathtub": [
      [
        136.48702845326167,
        55.754880831333224,
        131.01741464828027
      ]
    ],
    "sink": [
      [
        64.22551823304727,
        19.77304551318012,
        47.315060078676204
      ]
    ],
    "toilet": [
      [
        35.198926828700415,
        38.254002607518174,
        63.42923939391122
      ],
      [
        46.80704052210302,
        81.97696960158297,
        64.46115765841361
      ]
    ],
    "cabinet": [
      [
        44.08508402383329,
        196.17469685231674,
        34.13248124961837
      ]
    ]
  }
}