{
  "source_file": "45261150_3dod_annotation.json",
  "axes_by_label": {
    "bed": [
      [
        157.57058558974714,
        68.18853676224708,
        204.72060887037625
      ]
    ],
    "cabinet": [
      [
        42.80727744226238,
        53.0292304622829,
        52.90181883485406
      ],
      [
        40.2677464606045,
        53.150658890014626,
        53.81389919669576
      ],
      [
        171.4320958010067,
        74.90370533946498,
        49.38885711075503
      ],
      [
        88.85355438988194,
        65.91439561843077,
        54.169546992588806
      ],
      [
        117.37568534917835,
        118.56621553434377,
        49.446600788946746
      ]
    ],
    "tv_monitor": [
      [
        101.40276472118241,
        67.53400916725946,
        6.227362359978416
      ]
    ]
  }
}