{
  "source_file": "45261637_3dod_annotation.json",
  "axes_by_label": {
    "bed": [
      [
        159.26099594263707,
        66.85896956462796,
        209.12959108112642
      ]
    ],
    "cabinet": [
      [
        54.575759514373715,
        64.00356324053699,
        40.05544907610375
      ],
      [
        199.538775414748,
        198.86553761726427,
        69.3674849528574
      ]
    ],
    "tv_monitor": [
      [
        66.77648543369723,
        40.7812449213141,
        4.774668919730146
      ]
    ]
  }
}