{
  "source_file": "45261121_3dod_annotation.json",
  "axes_by_label": {
    "table": [
      [
        125.41032100502255,
        89.59598723875175,
        80.51170575915438
      ]
    ],
    "chair": [
      [
        39.52100751041861,
        89.16343219080392,
        40.545498023048246
      ],
      [
        39.52100751041861,
        89.16343219080392,
        40.545498023048246
      ]
    ],
    "refrigerator": [
      [
        61.360676380845035,
        148.04051955259268,
        82.56162419421146
      ]
    ],
    "cabinet": [
      [
        120.40433916410562,
        86.84323911801087,
        60.765916362085996
      ],
      [
        187.19665880126658,
        87.68580217946315,
        61.72633929314314
      ],
      [
        79.67453806951688,
        86.14041319430184,
        60.439478615356805
      ],
      [
        58.693737715431865,
        89.23278523480977,
        62.55214037196769
      ],
      [
        192.56833300752962,
        75.05954898190662,
        30.19960342465023
      ],
      [
        121.00983834529985,
        72.20131610500384,
        31.703759595038058
      ],
      [
        22.501675172537553,
        85.51181484318472,
        65.05797989005416
      ]
    ],
    "sink": [
      [
        45.17083369230324,
        18.108523368542222,
        48.996061747827866
      ],
      [
        18.209745624728814,
        18.108523368542222,
        30.076742004293653
      ]
    ],
    "oven": [
      [
        99.73112414860664,
        71.81294330616471,
        61.80134583750524
      ]
    ],
    "stove": [
      [
        99.73112414860664,
        15.00323978788876,
        59.5336665570338
      ]
    ],
    "tv_monitor": [
      [
        94.33335664806992,
        55.444873588473996,
        4.124883147954073
      ]
    ],
    "stool": [
      [
        32.29862193692815,
        63.597080811481774,
        31.033093866343563
      ]
    ]
  }
}