{
  "source_file": "45260905_3dod_annotation.json",
  "axes_by_label": {
    "sofa": [
      [
        245.5121731200219,
        83.48906243557798,
        102.86894650118157
      ],
      [
        140.61114897687563,
        88.7328127146276,
        107.15240439380247
      ],
      [
        78.45650462058069,
        106.91159930758563,
        98.51800579712618
      ]
    ],
    "table": [
      [
        89.7080790869666,
        41.943882458108746,
        61.751131378805276
      ],
      [
        131.03523911783873,
        76.26283551967032,
        63.237292689850165
      ]
    ],
    "cabinet": [
      [
        169.46472796899383,
        76.20461911774873,
        44.735719998993346
      ],
      [
        108.6263414366994,
        175.4339712905566,
        38.61030739586032
      ],
      [
        105.16382915670836,
        100.95208182268124,
        60.81217619217061
      ],
      [
        94.82052077640381,
        46.49897191323039,
        44.40687012315793
      ]
    ],
    "fireplace": [
      [
        149.8331284051464,
        119.56296561928286,
        54.59625531029178
      ]
    ],
    "tv_monitor": [
      [
        95.88449662786648,
        57.48650749455237,
        7.666136196104468
      ]
    ]
  }
}