{
  "source_file": "45260928_3dod_annotation.json",
  "axes_by_label": {
    "cabinet": [
      [
        145.8209716079605,
        122.71414185461869,
        37.12798704946483
      ],
      [
        174.45530344938922,
        100.53328149111823,
        50.79014006998398
      ]
    ],
    "chair": [
      [
        55.8286992217209,
        91.9664539998977,
        56.85525915137254
      ],
      [
        54.88972067057051,
        80.8954865682806,
        47.99211855605585
      ]
    ],
    "table": [
      [
        116.90744100343733,
        73.19399478077058,
        31.200007657844566
      ],
      [
        152.71747202353555,
        76.4447233119944,
        95.04685920122078
      ]
    ],
    "tv_monitor": [
      [
        46.662016843003485,
        38.44185088433636,
        3.2656734613970277
      ]
    ],
    "fireplace": [
      [
        151.34358666925917,
        125.3404185649065,
        48.58895462768097
      ]
    ],
    "sofa": [
      [
        90.20614755501884,
        104.54968935818516,
        98.18994204623688
      ]
    ],
    "stool": [
      [
        45.541392696472265,
        51.401495933532715,
        25.92012084962451
      ]
    ]
  }
}