{
  "source_file": "45261620_3dod_annotation.json",
  "axes_by_label": {
    "sofa": [
      [
        286.3745385633361,
        68.26301740816352,
        107.69003450071008
      ],
      [
        91.89733460330748,
        68.26301740816352,
        104.4774942178205
      ],
      [
        112.30822587944954,
        66.53631482862595,
        114.99612650287939
      ]
    ],
    "tv_monitor": [
      [
        120.5513099276506,
        66.00000187754631,
        8.215827897262324
      ]
    ]
  }
}