{
  "source_file": "45261575_3dod_annotation.json",
  "axes_by_label": {
    "bed": [
      [
        103.54851183684913,
        54.65034979269546,
        199.83590068674536
      ]
    ],
    "cabinet": [
      [
        88.18539646437398,
        188.3628661525927,
        56.77047358269603
      ],
      [
        41.467092068820996,
        74.51147535471124,
        48.29577033101216
      ],
      [
        90.24921575793805,
        119.14753663600251,
        51.015141235337644
      ],
      [
        72.77944483525005,
        76.13447466456483,
        43.01242080008319
      ]
    ],
    "tv_monitor": [
      [
        73.28554542449,
        44.83147449159257,
        4.942618152466175
      ]
    ]
  }
}