{
  "source_file": "45260900_3dod_annotation.json",
  "axes_by_label": {
    "bathtub": [
      [
        172.1547354790532,
        65.6572517366699,
        87.8252957443442
      ]
    ],
    "toilet": [
      [
        39.46675832381678,
        82.26922582156081,
        73.31002522220888
      ]
    ],
    "sink": [
      [
        74.98729083980409,
        17.49074306493891,
        51.094776053930964
      ]
    ]
  }
}