{
  "source_file": "45261182_3dod_annotation.json",
  "axes_by_label": {
    "toilet": [
      [
        38.02192215224144,
        78.35582277056895,
        67.21597193573496
      ]
    ],
    "cabinet": [
      [
        34.20836084148455,
        50.83492277500191,
        33.68883436207026
      ],
      [
        45.65086221742922,
        51.450115479737775,
        49.85575760506538
      ]
    ],
    "sink": [
      [
        55.21589500881415,
        16.001601194282188,
        43.164855334328855
      ]
    ],
    "bed": [
      [
        169.42582795066082,
        66.16957932235822,
        216.4295955406385
      ]
    ]
  }
}