{
  "source_file": "45261594_3dod_annotation.json",
  "axes_by_label": {
    "bathtub": [
      [
        168.81820231362755,
        57.82472266834505,
        71.12668285043478
      ]
    ],
    "sink": [
      [
        58.82980208263227,
        18.962937137853455,
        45.36860832556794
      ]
    ],
    "toilet": [
      [
        38.41794109295952,
        74.59348632726302,
        64.57150902302806
      ]
    ]
  }
}