{
  "source_file": "45260856_3dod_annotation.json",
  "axes_by_label": {
    "bed": [
      [
        145.19054638274488,
        80.89166657765271,
        204.93380456689457
      ]
    ],
    "cabinet": [
      [
        41.447596443696916,
        61.27896812624485,
        40.72121547300468
      ],
      [
        36.16312408666314,
        65.30907564444534,
        34.21414435963915
      ],
      [
        88.3125516069482,
        78.2887246036906,
        43.69322526218715
      ],
      [
        40.542432848038004,
        27.445436695657406,
        28.096981784386696
      ]
    ],
    "chair": [
      [
        67.4071627020856,
        99.60401637896585,
        72.63919583648065
      ],
      [
        66.10493032387024,
        77.68884512308364,
        60.65731543977253
      ],
      [
        52.921004414581766,
        72.75751830896542,
        45.17123072812945
      ],
      [
        49.863903352084655,
        72.39545189882871,
        46.5735561270707
      ]
    ],
    "fireplace": [
      [
        152.61507005163787,
        141.4315375288798,
        57.52835349419343
      ]
    ]
  }
}