{
  "source_file": "45261142_3dod_annotation.json",
  "axes_by_label": {
    "sofa": [
      [
        207.68927777719588,
        78.24146486360473,
        84.47085255894135
      ],
      [
        71.39031464663934,
        75.63793832751699,
        101.3280134885924
      ]
    ],
    "washer": [
      [
        60.30344900986341,
        80.00698022825809,
        62.77469351627009
      ]
    ],
    "table": [
      [
        200.56283390662202,
        74.33991984215454,
        90.81430332569894
      ],
      [
        113.14099253715102,
        73.52200088461801,
        61.31428949349883
      ]
    ],
    "chair": [
      [
        46.516068642451415,
        92.05366270462281,
        56.264735775839306
      ],
      [
        59.24064596075697,
        91.98420088841628,
        56.8117373757865
      ],
      [
        52.922550459085215,
        91.13169309304924,
        53.79155130795366
      ],
      [
        52.922550459085215,
        91.16923609786336,
        53.66722868426694
      ]
    ],
    "tv_monitor": [
      [
        111.64645570702821,
        69.37813530382367,
        8.220297044840185
      ]
    ]
  }
}