{
  "source_file": "45662987_3dod_annotation.json",
  "axes_by_label": {
    "sofa": [
      [
        211.24288545161752,
        88.80912415655744,
        91.15630724793411
      ],
      [
        212.0463932406651,
        87.13632328270361,
        109.54952904273077
      ]
    ],
    "cabinet": [
      [
        200.7457800066154,
        73.05182562636736,
        55.94632452494919
      ],
      [
        177.25661380478854,
        73.6999752747802,
        54.83804301038263
      ]
    ],
    "fireplace": [
      [
        164.99339555034774,
        119.8479348654765,
        62.33450474378576
      ]
    ],
    "tv_monitor": [
      [
        126.28915070810729,
        92.51987776586645,
        10.709722469751977
      ]
    ],
    "chair": [
      [
        59.485793139081814,
        72.32895085247206,
        83.35195351507912
      ],
      [
        55.02330464288989,
        72.81624288629114,
        75.6753545308196
      ]
    ],
    "table": [
      [
        53.590523743741855,
        57.88047039644761,
        52.89339796993511
      ],
      [
        134.71124286480446,
        39.29157510284678,
        67.23898029946832
      ]
    ]
  }
}