{
  "source_file": "45663105_3dod_annotation.json",
  "axes_by_label": {
    "cabinet": [
      [
        134.20932312083934,
        81.85068736938507,
        49.7209219556118
      ],
      [
        130.43573301898354,
        115.80286423463767,
        33.75248663724158
      ]
    ],
    "stool": [
      [
        30.70533702262935,
        22.757134378463675,
        30.54882003033427
      ],
      [
        23.331372545461193,
        22.734383725315226,
        23.847010919746275
      ]
    ],
    "sofa": [
      [
        154.21067603078615,
        85.96838773400009,
        95.35349560309629
      ]
    ]
  }
}