{
  "source_file": "45662943_3dod_annotation.json",
  "axes_by_label": {
    "bed": [
      [
        185.9067470555054,
        57.32199694648215,
        231.0976743937368
      ]
    ],
    "table": [
      [
        42.2287724833786,
        70.62948618473766,
        46.44687873608443
      ],
      [
        42.28192093738529,
        71.11902301081926,
        49.69338165897022
      ]
    ],
    "cabinet": [
      [
        135.31280622672003,
        99.62230274473517,
        59.6680433389393
      ],
      [
        152.07825003400356,
        231.312339789341,
        75.83386117599925
      ],
      [
        153.21888327584568,
        232.7449615824833,
        79.5147778091611
      ]
    ],
    "tv_monitor": [
      [
        74.63482574654134,
        49.581081075746,
        5.007519470489507
      ]
    ],
    "fireplace": [
      [
        161.04497874397873,
        133.52328656117544,
        32.47638751976066
      ]
    ],
    "chair": [
      [
        70.67303223044819,
        78.91858805712951,
        102.29064875973727
      ]
    ]
  }
}