{
  "source_file": "45663164_3dod_annotation.json",
  "axes_by_label": {
    "chair": [
      [
        86.44483037814618,
        107.68116054367795,
        52.39336010405016
      ]
    ],
    "refrigerator": [
      [
        63.52430789530643,
        183.49270082046397,
        71.39256579921012
      ]
    ],
    "dishwasher": [
      [
        62.64910343230599,
        88.81058194123395,
        64.34355377363896
      ]
    ],
    "sink": [
      [
        47.30184865519917,
        19.421993496067174,
        44.19708800987213
      ]
    ],
    "cabinet": [
      [
        160.03081357278376,
        89.67244632801354,
        59.685690982779384
      ],
      [
        41.67259134455653,
        89.06604238287268,
        58.907296390731645
      ],
      [
        39.331521579652986,
        89.50494729647897,
        58.50172087316216
      ],
      [
        153.9348659077149,
        90.66936497405635,
        60.68589851122333
      ],
      [
        103.80510606171866,
        78.5287648990281,
        32.3964067328793
      ],
      [
        40.04061706739194,
        76.71374331554041,
        30.553716716219267
      ]
    ],
    "oven": [
      [
        61.21423892300022,
        85.60937849397234,
        63.4261312781121
      ]
    ],
    "stove": [
      [
        59.58667691899803,
        2.64241916061846,
        63.36479226608373
      ]
    ],
    "tv_monitor": [
      [
        57.73025040665307,
        38.30823716643956,
        5.608834822237704
      ]
    ]
  }
}