{
  "source_file": "45663154_3dod_annotation.json",
  "axes_by_label": {
    "cabinet": [
      [
        95.8330239658177,
        80.9199210557168,
        46.55121472901283
      ],
      [
        95.64285358786228,
        114.99107490633493,
        30.69499513584098
      ],
      [
        88.34979730349507,
        80.38127950877289,
        53.21191794135413
      ],
      [
        98.71244409759908,
        50.300072315202755,
        69.77905387038027
      ]
    ],
    "sofa": [
      [
        172.68710402409587,
        79.93655403534433,
        106.97681094850712
      ],
      [
        245.07947021251812,
        76.71930221892136,
        110.95919903008662
      ]
    ],
    "tv_monitor": [
      [
        98.75735677992071,
        69.48921902907347,
        5.689879744590037
      ]
    ],
    "fireplace": [
      [
        180.28681235004723,
        181.03843197153236,
        78.16524057075927
      ]
    ],
    "table": [
      [
        57.34923265799682,
        58.385167261920245,
        44.785983685146405
      ]
    ]
  }
}