{
  "source_file": "45662924_3dod_annotation.json",
  "axes_by_label": {
    "cabinet": [
      [
        140.98021715482793,
        89.13753077578778,
        57.710477654057364
      ],
      [
        359.166491130079,
        89.14218264748044,
        64.19290426870171
      ],
      [
        140.75175699751134,
        132.7056978407142,
        49.89785608126285
      ],
      [
        134.67037944446213,
        239.10635832451425,
        64.19290426870171
      ],
      [
        63.46679715245762,
        89.1510518454621,
        38.95514370826105
      ],
      [
        41.5793630182203,
        92.17744527959908,
        28.55032406473285
      ],
      [
        141.69851895384096,
        93.6918972224005,
        67.73560458962017
      ],
      [
        291.1524326597483,
        89.56594981644639,
        109.01845931497435
      ]
    ],
    "oven": [
      [
        64.43602417953704,
        57.63645188949719,
        64.19290426870171
      ],
      [
        64.43602417953704,
        57.54674956862708,
        64.19290426870171
      ]
    ],
    "fireplace": [
      [
        164.0051314023284,
        71.6035835793565,
        32.849958757818925
      ]
    ],
    "table": [
      [
        190.39614132342138,
        75.71381217751136,
        89.45121290615384
      ]
    ],
    "chair": [
      [
        35.6888152141488,
        78.59415652936131,
        40.57417149280988
      ],
      [
        35.6888152141488,
        76.21023962665824,
        40.57417149280988
      ],
      [
        34.40904900689318,
        79.22302790028603,
        40.57417149280988
      ],
      [
        34.40904900689318,
        79.22302790028603,
        40.57417149280988
      ],
      [
        34.40904900689318,
        79.22302790028603,
        40.57417149280988
      ],
      [
        34.40904900689318,
        79.22302790028603,
        40.57417149280988
      ]
    ],
    "stool": [
      [
        40.956898294068374,
        70.06945137746396,
        30.540248810222
      ],
      [
        40.956898294068374,
        70.06945137746396,
        30.540248810222
      ],
      [
        40.956898294068374,
        74.2631106657248,
        30.540248810222
      ],
      [
        40.956898294068374,
        73.53814572332078,
        28.279721845618333
      ]
    ],
    "stove": [
      [
        77.2332793324905,
        0.6986114291890574,
        53.5716052753328
      ]
    ]
  }
}