{
  "source_file": "45663114_3dod_annotation.json",
  "axes_by_label": {
    "bathtub": [
      [
        167.09739678604592,
        54.13189648280148,
        67.30347316715606
      ]
    ],
    "toilet": [
      [
        47.503402951020114,
        81.60775644366582,
        69.45705874948843
      ]
    ],
    "sink": [
      [
        59.28966504269036,
        21.56683054095306,
        48.483285482064844
      ]
    ],
    "cabinet": [
      [
        24.585645589984736,
        61.46786089941118,
        39.8754511473564
      ]
    ]
  }
}