{
  "source_file": "45662970_3dod_annotation.json",
  "axes_by_label": {
    "cabinet": [
      [
        74.791399224793,
        86.59797650801003,
        58.473774360243134
      ],
      [
        73.99091270800015,
        87.36507501214668,
        58.69953495384444
      ],
      [
        81.47667347151696,
        87.21284142777706,
        59.54044626850008
      ],
      [
        140.52221376112328,
        80.46662624256162,
        31.52799087762474
      ],
      [
        62.48969563244804,
        212.09795542723134,
        59.54044626850008
      ]
    ],
    "washer": [
      [
        59.68339624704404,
        84.29628244090101,
        64.93325619071192
      ],
      [
        65.42310391234662,
        84.5428563628888,
        67.0882377677563
      ]
    ],
    "sink": [
      [
        52.173743588116054,
        19.458265931584222,
        51.660153119741516
      ]
    ]
  }
}