{
  "source_file": "47115460_3dod_annotation.json",
  "axes_by_label": {
    "cabinet": [
      [
        69.6755486681225,
        90.94515732208765,
        60.166482495169966
      ],
      [
        313.2888997678488,
        91.88885471448503,
        59.43460972081718
      ],
      [
        92.78495829132498,
        81.6722496744573,
        35.89271512607188
      ],
      [
        241.6312962285724,
        82.81811408550823,
        36.293721902422966
      ],
      [
        215.65987198008554,
        91.89800925596444,
        59.926317767016826
      ],
      [
        64.99186698445993,
        83.8887418840323,
        36.242295143158316
      ],
      [
        131.43964717708806,
        91.47109412673669,
        61.825058555862846
      ]
    ],
    "oven": [
      [
        59.08970925587935,
        91.66741332404604,
        59.740785123380014
      ]
    ],
    "stove": [
      [
        59.08970925587935,
        2.0113552216986648,
        59.740785123380014
      ]
    ],
    "sink": [
      [
        29.209720558937818,
        17.39552137828761,
        45.7772128696045
      ],
      [
        40.37531198274939,
        17.39552137828761,
        45.7772128696045
      ]
    ],
    "table": [
      [
        86.26501079311754,
        74.53067353160347,
        89.43732005617106
      ]
    ],
    "chair": [
      [
        53.14759922983917,
        78.13829921315889,
        58.14800989594509
      ],
      [
        53.14759922983917,
        78.13829921315889,
        58.14800989594509
      ]
    ]
  }
}