{
  "source_file": "47115525_3dod_annotation.json",
  "axes_by_label": {
    "sofa": [
      [
        215.45015791164107,
        80.91493263762742,
        114.57915698414885
      ],
      [
        210.5647246157593,
        78.83448534548597,
        123.2289805726373
      ]
    ],
    "table": [
      [
        98.90370055603782,
        39.11479684793781,
        101.0550964570699
      ]
    ],
    "cabinet": [
      [
        107.04049615686453,
        89.47186699885698,
        45.54615145064112
      ],
      [
        107.04049615686453,
        82.87729945839078,
        37.32206297928527
      ]
    ],
    "tv_monitor": [
      [
        103.08642664102022,
        60.01394437421204,
        7.874343892479747
      ]
    ],
    "fireplace": [
      [
        142.28341077439882,
        109.89947753813026,
        99.52005806570727
      ]
    ]
  }
}