{
  "source_file": "47115469_3dod_annotation.json",
  "axes_by_label": {
    "bathtub": [
      [
        182.6405002206171,
        57.005486068273655,
        88.54211192349732
      ]
    ],
    "toilet": [
      [
        35.66516834103893,
        42.06615819701564,
        60.8294134520487
      ]
    ],
    "sink": [
      [
        64.59623790162901,
        20.238996895707672,
        54.625680998078764
      ]
    ],
    "stool": [
      [
        65.69253856541131,
        41.54064846614254,
        35.39806867948146
      ]
    ],
    "cabinet": [
      [
        32.352566547843544,
        181.45024920766733,
        39.66905989249496
      ]
    ]
  }
}