{
  "source_file": "47115543_3dod_annotation.json",
  "axes_by_label": {
    "table": [
      [
        179.89826962743876,
        78.10326444896984,
        100.30038421043612
      ],
      [
        91.21569934016796,
        73.45489285985818,
        46.42057139905635
      ]
    ],
    "chair": [
      [
        48.040089259550115,
        99.62819989493153,
        65.43964094158066
      ],
      [
        48.040089259550115,
        99.62819989493153,
        65.43964094158066
      ],
      [
        48.040089259550115,
        99.62819989493153,
        65.43964094158066
      ],
      [
        48.040089259550115,
        99.62819989493153,
        63.12213382570653
      ],
      [
        40.880951022138085,
        99.12935363599766,
        52.72829878812479
      ],
      [
        41.624054428511954,
        97.0054702185409,
        55.84585172710636
      ]
    ],
    "tv_monitor": [
      [
        53.536005077687,
        33.16182754413509,
        5.119668116144238
      ],
      [
        50.41425855095677,
        32.970148630628266,
        4.869905429176089
      ]
    ],
    "cabinet": [
      [
        124.75684886523165,
        70.74132804613748,
        45.46147437148476
      ]
    ]
  }
}