{
  "source_file": "47204607_3dod_annotation.json",
  "axes_by_label": {
    "sofa": [
      [
        144.53368326587025,
        79.86044233611602,
        112.17404125754769
      ],
      [
        242.96165335269663,
        79.56814677281142,
        114.47700512607649
      ]
    ],
    "table": [
      [
        95.1399922704939,
        46.19262263388511,
        96.5387228936
      ],
      [
        72.31896953540256,
        56.454650122564686,
        38.744089193666184
      ],
      [
        42.21656362466637,
        56.67079340319737,
        41.916860311822425
      ],
      [
        55.79935614531507,
        56.36064545819133,
        53.27085657023474
      ]
    ],
    "cabinet": [
      [
        122.20440064657036,
        44.00197522191858,
        61.397265901099644
      ],
      [
        127.44845965843464,
        68.32817987823137,
        18.76657079409486
      ]
    ],
    "tv_monitor": [
      [
        124.51266378102605,
        70.08718017590354,
        9.192264314386296
      ]
    ]
  }
}