{
  "source_file": "47204566_3dod_annotation.json",
  "axes_by_label": {
    "table": [
      [
        272.5692999143448,
        76.24205710668066,
        58.049643234616774
      ]
    ],
    "cabinet": [
      [
        111.07734946256524,
        159.30026101697385,
        33.364927971855614
      ],
      [
        107.93220784780962,
        53.031231459189854,
        31.214891366965574
      ]
    ],
    "shelf": [
      [
        53.55869607285996,
        159.40946173167382,
        33.19573763915445
      ]
    ],
    "chair": [
      [
        42.4474150403738,
        78.7551981416697,
        54.631516971623476
      ]
    ],
    "tv_monitor": [
      [
        53.39591266414744,
        42.7980537348463,
        2.8590698802093355
      ]
    ],
    "stool": [
      [
        44.90887949955295,
        38.608408915890536,
        45.61406087451222
      ]
    ]
  }
}