{
  "source_file": "47204552_3dod_annotation.json",
  "axes_by_label": {
    "cabinet": [
      [
        62.22308651970831,
        88.17600163914861,
        44.522268288097884
      ],
      [
        150.46511042405257,
        45.154383198492624,
        45.6222682880979
      ],
      [
        61.89664946236825,
        88.17600163914861,
        46.36572626260406
      ],
      [
        120.09388123246558,
        210.55991645554576,
        47.58180841061756
      ],
      [
        120.50934338339742,
        64.68569394830986,
        47.181808410617556
      ],
      [
        120.48776248849572,
        85.26865944131924,
        46.263196626115885
      ],
      [
        115.96133594384456,
        210.55991645554576,
        47.68180841061756
      ],
      [
        274.65020088880556,
        89.618279069264,
        76.37668215382163
      ],
      [
        75.48280482803501,
        89.67621027152916,
        47.094580520842115
      ]
    ],
    "tv_monitor": [
      [
        124.45714234595361,
        69.68091501417929,
        7.165578898534761
      ]
    ],
    "sofa": [
      [
        185.98480753713542,
        75.1998851323814,
        109.33815972436835
      ]
    ],
    "oven": [
      [
        59.57024089201348,
        60.47356352642016,
        47.781808410617565
      ],
      [
        60.934870995686,
        60.47356352642016,
        46.381808410617545
      ]
    ],
    "sink": [
      [
        35.9740985052351,
        21.008712936023898,
        44.36622319384777
      ],
      [
        23.388050959232608,
        21.008712936023898,
        44.36622319384777
      ]
    ],
    "stove": [
      [
        69.01872886360017,
        1.4255870116314706,
        50.26335166353826
      ]
    ],
    "chair": [
      [
        41.21263625547044,
        82.78137442859781,
        35.157935397285094
      ],
      [
        41.31832171525224,
        82.78137442859781,
        35.157935397285094
      ],
      [
        41.175442589659404,
        82.78137442859781,
        35.157935397285094
      ],
      [
        54.67537805694164,
        87.74063197784966,
        61.927704171772874
      ],
      [
        54.67537805694164,
        87.78486134326465,
        60.72958828112927
      ],
      [
        50.47071441612019,
        87.96099012357791,
        68.15198904568217
      ],
      [
        53.55576147296695,
        87.78637275095839,
        65.46778683861248
      ]
    ],
    "table": [
      [
        132.15710382109296,
        73.81221827754473,
        119.48109242866748
      ]
    ]
  }
}