{
  "source_file": "47204578_3dod_annotation.json",
  "axes_by_label": {
    "sofa": [
      [
        299.421296568114,
        82.7048981054154,
        105.10947720464256
      ],
      [
        119.24033941974756,
        49.335179059841074,
        107.16821562326616
      ]
    ],
    "cabinet": [
      [
        169.8661773145666,
        92.96743906895219,
        48.57396578368922
      ]
    ],
    "table": [
      [
        38.27777622478455,
        50.37843116195637,
        39.313975164652774
      ]
    ],
    "tv_monitor": [
      [
        125.4426895910027,
        74.32927991139688,
        6.863882590882756
      ]
    ],
    "stool": [
      [
        31.279321808019954,
        33.16289151863639,
        30.374295211522877
      ]
    ]
  }
}