{
  "source_file": "47334238_3dod_annotation.json",
  "axes_by_label": {
    "cabinet": [
      [
        122.81118286333589,
        207.37825700168685,
        47.57650054196563
      ],
      [
        165.04805825627338,
        83.73637938841834,
        48.369739218273075
      ],
      [
        84.30267482375012,
        205.05899170031142,
        81.682455759839
      ],
      [
        163.16849832932238,
        122.55170492007503,
        47.633435958548965
      ]
    ],
    "table": [
      [
        135.8793665165361,
        78.28989182118139,
        87.03541330866858
      ],
      [
        72.58964466525345,
        57.80882176379249,
        73.08528932128785
      ]
    ],
    "chair": [
      [
        48.13151981089116,
        95.94704387528151,
        57.843607959634014
      ],
      [
        45.04894807417466,
        93.95503148539647,
        61.9207064568004
      ],
      [
        46.334590912954496,
        93.82718016060305,
        57.773955805472
      ],
      [
        39.156281324777744,
        93.80406714746901,
        57.843607959634014
      ],
      [
        46.1538100340074,
        94.93085965306143,
        58.09162163479275
      ],
      [
        42.31921427929017,
        94.39494969332526,
        71.64214873479202
      ]
    ],
    "sofa": [
      [
        165.77496647500033,
        96.25246948331956,
        96.31364921333319
      ],
      [
        72.2833492970458,
        96.12187393205357,
        73.9506486145951
      ]
    ],
    "stool": [
      [
        26.27008128222524,
        40.649487856699004,
        13.493671085812736
      ]
    ]
  }
}