{
  "source_file": "47331972_3dod_annotation.json",
  "axes_by_label": {
    "cabinet": [
      [
        89.74703810583725,
        98.8470469422712,
        48.691663027592426
      ],
      [
        78.66231377297423,
        187.59200546600215,
        72.47557458824383
      ],
      [
        131.79653422554028,
        87.8394219512981,
        47.6446700311237
      ],
      [
        48.396578453924135,
        165.8871945067395,
        41.78441472416698
      ],
      [
        60.29662248930861,
        106.89518799120455,
        45.539354975349006
      ],
      [
        45.75278857900393,
        95.20070668018829,
        60.970292583030584
      ],
      [
        83.10835299688753,
        83.37527058836689,
        53.04399874469438
      ]
    ],
    "sofa": [
      [
        193.98575410452537,
        83.98778209236696,
        107.04621721815927
      ],
      [
        112.78012104619498,
        87.53703422407298,
        102.0462940215735
      ],
      [
        249.10952997165427,
        82.02811921790838,
        105.33445873270215
      ]
    ],
    "table": [
      [
        98.5561695564297,
        67.06781121967677,
        47.56648734445295
      ],
      [
        138.0369504656728,
        47.48942481910238,
        75.00885296449755
      ],
      [
        127.39158359482656,
        76.26599735837596,
        75.85562282745698
      ]
    ],
    "fireplace": [
      [
        144.16416528685352,
        129.79358914932288,
        57.87872957002798
      ]
    ],
    "tv_monitor": [
      [
        141.3955739507153,
        82.09313898015213,
        6.453460256661033
      ]
    ],
    "chair": [
      [
        50.96146421691913,
        90.1813452042299,
        55.75626482755966
      ],
      [
        45.82926029922608,
        93.34323150461451,
        58.59194755138695
      ],
      [
        45.82926029922608,
        93.34323150461451,
        58.59194755138695
      ],
      [
        45.82926029922608,
        93.34323150461451,
        58.59194755138695
      ],
      [
        45.82926029922608,
        93.34323150461451,
        58.59194755138695
      ]
    ],
    "dishwasher": [
      [
        57.491023278541284,
        95.20070668018829,
        59.79608362384761
      ]
    ],
    "refrigerator": [
      [
        72.97830443083467,
        201.82478240071293,
        57.99760411093643
      ]
    ],
    "bed": [
      [
        152.3842062163784,
        48.75270629630417,
        176.4168847419648
      ]
    ]
  }
}