{
  "source_file": "47331262_3dod_annotation.json",
  "axes_by_label": {
    "sofa": [
      [
        200.73869990834933,
        100.73877809077689,
        100.83632844405128
      ],
      [
        98.19805854262977,
        100.23877809077692,
        99.52804692873447
      ],
      [
        89.91331901075385,
        100.23877809077692,
        98.9073733322213
      ]
    ],
    "table": [
      [
        112.40500435189797,
        45.3344647907913,
        64.45442247649837
      ],
      [
        139.28597914940252,
        78.0781426099933,
        99.91296324043807
      ]
    ],
    "cabinet": [
      [
        131.58959158335736,
        122.07102522251833,
        56.79778577019579
      ],
      [
        127.83356843389657,
        39.854845082003735,
        61.2107226572648
      ],
      [
        133.8644888477264,
        200.75075934609362,
        47.1132402652651
      ]
    ],
    "tv_monitor": [
      [
        95.70978522527336,
        65.49981859168909,
        6.818590896183806
      ]
    ],
    "chair": [
      [
        50.25225957853651,
        93.90936277777962,
        50.737960428844886
      ],
      [
        46.23910458165438,
        94.00936277777961,
        49.70218414687971
      ],
      [
        46.23910458165438,
        92.895137677479,
        49.70218414687971
      ],
      [
        52.040317901385386,
        94.2093627777796,
        49.70218414687971
      ],
      [
        48.04145700570534,
        94.2093627777796,
        53.62561810510141
      ],
      [
        47.00886636018354,
        95.60936277777952,
        50.112759003393364
      ]
    ]
  }
}