{
  "source_file": "47331336_3dod_annotation.json",
  "axes_by_label": {
    "toilet": [
      [
        35.708516641056036,
        44.60011614977969,
        54.52746055318664
      ]
    ],
    "cabinet": [
      [
        86.64342374880114,
        79.42158823724031,
        36.97669277097954
      ],
      [
        32.97953711942456,
        189.71516581303675,
        36.37786216131364
      ],
      [
        21.296088100901017,
        64.79236056587824,
        14.431368658562747
      ]
    ],
    "sink": [
      [
        86.64342374880114,
        22.654532915913347,
        49.31460245479032
      ]
    ]
  }
}