{
  "source_file": "47333918_3dod_annotation.json",
  "axes_by_label": {
    "cabinet": [
      [
        102.9598744366758,
        73.72804225187963,
        45.133958213788084
      ],
      [
        102.9598744366758,
        106.82048904888704,
        29.402050073594147
      ],
      [
        99.65635854620811,
        73.66676353814992,
        47.418954921688254
      ],
      [
        102.32379714343648,
        106.82048904888704,
        28.56997046902674
      ],
      [
        61.14731221229459,
        47.07657991377431,
        43.75522135198679
      ],
      [
        159.03104462641988,
        182.466801517771,
        61.71909292462499
      ],
      [
        74.39685498726519,
        237.92912525440104,
        23.167285614267843
      ]
    ],
    "shelf": [
      [
        61.01953640004396,
        94.23198088850896,
        41.277376728784155
      ]
    ],
    "stool": [
      [
        42.74295920768195,
        46.635803617316625,
        33.5941969671159
      ]
    ],
    "tv_monitor": [
      [
        47.29460861857177,
        35.3307368349282,
        3.7953416242371536
      ]
    ],
    "table": [
      [
        136.97808743780422,
        86.19823631709947,
        37.3832708191055
      ],
      [
        21.0448170373027,
        99.01755963868943,
        20.32507969623607
      ]
    ]
  }
}