{
  "source_file": "47331063_3dod_annotation.json",
  "axes_by_label": {
    "bed": [
      [
        101.09135978431614,
        46.37364954642403,
        217.2969310125773
      ]
    ],
    "tv_monitor": [
      [
        97.5419650814105,
        55.87609192596098,
        6.345194362475986
      ],
      [
        54.28645931190151,
        38.84879126648513,
        5.610444032115648
      ]
    ],
    "table": [
      [
        83.420261934775,
        79.04693804164765,
        57.87422139578462
      ],
      [
        108.69278534846678,
        75.0252219561771,
        53.34769878669794
      ]
    ],
    "chair": [
      [
        62.97503317873495,
        97.33620984414958,
        72.03621445307996
      ],
      [
        61.84423393474937,
        95.39515557266621,
        71.80881385082166
      ]
    ],
    "refrigerator": [
      [
        61.53309310600098,
        155.98254557871496,
        61.60595946079008
      ]
    ],
    "cabinet": [
      [
        59.4418705027706,
        38.5986209713742,
        35.7406246534827
      ],
      [
        30.34725259545018,
        75.5291371305052,
        35.13745299463379
      ],
      [
        98.71277371865523,
        75.68805866472503,
        32.40377528310168
      ],
      [
        86.06661815590893,
        85.18968931097952,
        58.16859284557318
      ],
      [
        20.48117734171522,
        84.55049159104308,
        59.30772013438629
      ],
      [
        61.12585945090981,
        12.864979466402282,
        59.87655604927723
      ],
      [
        23.439577770021103,
        75.5291371305052,
        45.3018046805482
      ],
      [
        50.665311804370546,
        63.75839312538408,
        19.254531123424346
      ],
      [
        114.18791373580237,
        55.14191764153038,
        78.38445313751676
      ]
    ],
    "oven": [
      [
        61.081603190937116,
        71.67905012213544,
        61.60595946079008
      ]
    ],
    "sink": [
      [
        48.56686342431171,
        15.864901460607584,
        48.10207919274357
      ],
      [
        50.68818895892489,
        10.373724668408983,
        23.904369604039864
      ]
    ],
    "stove": [
      [
        59.65930649629256,
        2.0358456979889885,
        52.88495973337646
      ]
    ]
  }
}