{
  "source_file": "47333932_3dod_annotation.json",
  "axes_by_label": {
    "chair": [
      [
        43.563323333345025,
        104.02756344040353,
        55.514635684023936
      ],
      [
        67.05582262793328,
        110.16730080497074,
        66.15964344967695
      ],
      [
        41.42202574677492,
        106.08745647629107,
        54.706038332144225
      ]
    ],
    "bed": [
      [
        116.89478542627516,
        47.692558646778124,
        190.19032611454446
      ]
    ],
    "table": [
      [
        112.79792589858813,
        77.42775616891714,
        78.30780533140484
      ]
    ],
    "cabinet": [
      [
        304.95246010398034,
        259.25758622504594,
        58.611019775254874
      ]
    ],
    "shelf": [
      [
        40.32454507162819,
        202.10732861679196,
        25.24675010111674
      ]
    ],
    "stool": [
      [
        28.79004231063121,
        42.75833147053042,
        29.229717087656958
      ]
    ]
  }
}