{
  "source_file": "47333457_3dod_annotation.json",
  "axes_by_label": {
    "cabinet": [
      [
        69.91066119486266,
        69.35295930708455,
        39.57203329194649
      ],
      [
        56.438183825945906,
        67.7322797188579,
        26.808015009460767
      ],
      [
        44.40901454948187,
        83.81863688674702,
        46.89518329817369
      ],
      [
        61.69869862644817,
        83.89620635351751,
        60.29586683564081
      ],
      [
        79.8257065143826,
        82.58390489684086,
        56.7846632440587
      ],
      [
        57.06561380780428,
        57.8448115254495,
        33.98352549413967
      ],
      [
        81.76462231604883,
        57.809198661605535,
        34.910745539609806
      ],
      [
        58.755973224300725,
        35.73136248088916,
        33.20653538648608
      ],
      [
        41.36432825447625,
        57.50481939548021,
        31.639740099029364
      ],
      [
        58.87575683874093,
        38.64946863982606,
        35.3701690483451
      ],
      [
        75.46747947845104,
        193.91601621537552,
        39.01750194033642
      ]
    ],
    "tv_monitor": [
      [
        69.98686877530467,
        42.026872644195684,
        2.890833406328445
      ]
    ],
    "chair": [
      [
        43.981069236833,
        77.71806870427915,
        51.85007955551701
      ],
      [
        27.159469374379356,
        52.309865595456046,
        30.962266958393336
      ],
      [
        39.77037404491013,
        78.00843971885901,
        46.928593012965834
      ],
      [
        50.715656695985125,
        81.48945651356607,
        51.03978729205312
      ],
      [
        37.239582784301014,
        76.6424413281582,
        47.573430411481276
      ]
    ],
    "table": [
      [
        62.185213045427574,
        74.6080235865408,
        51.3148560734093
      ],
      [
        59.3880958850011,
        50.27793564463244,
        49.653818984440804
      ],
      [
        12.294948915558559,
        83.89620635351751,
        59.31168214100959
      ]
    ],
    "bed": [
      [
        137.90425071693312,
        45.55309081317621,
        191.044534114582
      ]
    ],
    "refrigerator": [
      [
        57.81364271790653,
        164.04669880867004,
        63.67320691151397
      ]
    ],
    "oven": [
      [
        57.15003380560054,
        71.58711688600543,
        64.82691693405715
      ]
    ],
    "stove": [
      [
        57.15003380560054,
        12.461474752705975,
        65.89681168644258
      ]
    ],
    "sink": [
      [
        37.85592408961614,
        17.908795489416285,
        41.709534137101265
      ],
      [
        35.755649648191344,
        15.889933773498852,
        42.566391433200835
      ]
    ],
    "toilet": [
      [
        43.26667875100065,
        77.86894163509902,
        68.45620256871668
      ]
    ],
    "washer": [
      [
        77.17232955183206,
        79.31717037930643,
        73.59029471659717
      ]
    ],
    "stool": [
      [
        36.077072476282446,
        16.10711045021342,
        25.536968841206374
      ]
    ]
  }
}