{
  "source_file": "47331331_3dod_annotation.json",
  "axes_by_label": {
    "bed": [
      [
        159.6172265830671,
        73.7373106082259,
        242.35019295037324
      ]
    ],
    "chair": [
      [
        64.79350540168149,
        79.12341440243269,
        61.946156619041595
      ]
    ],
    "cabinet": [
      [
        120.1698282155082,
        248.25837684932085,
        61.05536597067705
      ],
      [
        150.18776157563522,
        248.13195321194402,
        58.58993347031865
      ],
      [
        195.11944986270169,
        79.91119437031992,
        54.72480864211081
      ]
    ]
  }
}