{
  "source_file": "47333441_3dod_annotation.json",
  "axes_by_label": {
    "toilet": [
      [
        38.234719653373425,
        74.8501688302169,
        72.38621338489321
      ]
    ],
    "chair": [
      [
        45.23766214809731,
        77.59330419953776,
        46.463853320127974
      ]
    ],
    "washer": [
      [
        61.69318636333895,
        86.83890081446604,
        54.68558532413902
      ]
    ],
    "stool": [
      [
        40.3237140692669,
        14.442999222640982,
        24.92896315966261
      ]
    ],
    "cabinet": [
      [
        59.183409203531625,
        73.67397853206023,
        33.298589499145855
      ],
      [
        61.23081048985154,
        69.00976534071606,
        15.12723930231672
      ]
    ],
    "sink": [
      [
        61.33728522905419,
        15.593839384015425,
        39.7516871416741
      ]
    ]
  }
}