{
  "source_file": "47334117_3dod_annotation.json",
  "axes_by_label": {
    "cabinet": [
      [
        139.40462728506884,
        92.0545007544145,
        48.082442845635
      ],
      [
        55.0848325606888,
        35.59803049338022,
        54.18129825533343
      ],
      [
        56.560234008285846,
        33.93696904994992,
        55.3044131661897
      ],
      [
        198.85518069357977,
        218.60619207738853,
        75.38063843115629
      ]
    ],
    "stool": [
      [
        17.37535340596339,
        75.11163719419336,
        15.852988046171163
      ]
    ],
    "bed": [
      [
        173.74991226009539,
        49.078520291991566,
        215.7661291023092
      ]
    ],
    "chair": [
      [
        44.46164564888163,
        100.83366275010518,
        57.821065439929036
      ]
    ],
    "sofa": [
      [
        96.52427857179327,
        107.4107449332678,
        95.11887111181876
      ]
    ]
  }
}