{
  "source_file": "47331319_3dod_annotation.json",
  "axes_by_label": {
    "cabinet": [
      [
        222.39045838441046,
        72.68449080990933,
        34.600102135861725
      ],
      [
        65.36563266853375,
        74.91721233048375,
        36.89512628891164
      ],
      [
        60.074791923390336,
        132.11230454376022,
        57.1465252023038
      ],
      [
        59.844811205953285,
        70.19351823334068,
        56.88169666077673
      ],
      [
        128.33923153901426,
        85.42879573720835,
        62.23996437250275
      ],
      [
        313.13192579170476,
        86.89937687006595,
        68.42214511269849
      ],
      [
        59.56889390305767,
        106.08147553841553,
        26.567301211757975
      ]
    ],
    "sink": [
      [
        39.90940737204948,
        20.12416745007448,
        48.00522251148744
      ],
      [
        18.169200102425027,
        20.12416745007448,
        47.99056240921081
      ]
    ],
    "refrigerator": [
      [
        94.60494025232289,
        174.72507171767603,
        76.89990269718503
      ]
    ],
    "chair": [
      [
        34.62242096683869,
        101.95169487651845,
        39.5721384348601
      ],
      [
        36.31700358384814,
        101.95169487651845,
        39.5721384348601
      ],
      [
        30.64468562719026,
        101.95169487651845,
        39.5721384348601
      ]
    ],
    "oven": [
      [
        59.38241080161507,
        61.83302908917625,
        57.461545771664674
      ]
    ],
    "shelf": [
      [
        61.73236025402853,
        102.94666215532466,
        33.212516400742025
      ]
    ],
    "stove": [
      [
        94.18382799700854,
        5.853326004825192,
        63.82890801926624
      ]
    ]
  }
}