{
  "source_file": "47331668_3dod_annotation.json",
  "axes_by_label": {
    "cabinet": [
      [
        103.28227192867145,
        216.98322511087255,
        59.82198477656132
      ],
      [
        44.24774133593822,
        117.91655207595166,
        45.66340819139079
      ],
      [
        34.423172779419666,
        63.62799741489968,
        39.298839636679524
      ],
      [
        98.46040142590842,
        106.82737071426992,
        37.79437032407305
      ],
      [
        152.09298737444746,
        64.24316626097787,
        60.647084058055945
      ],
      [
        52.896551138851905,
        100.79438880953657,
        41.854218276470206
      ],
      [
        152.07604707111022,
        49.73031388488848,
        44.76242655923966
      ],
      [
        48.29776752618817,
        70.78955606472634,
        35.8740570394843
      ],
      [
        83.13388784705805,
        39.51223893469366,
        36.259627278209635
      ]
    ],
    "stool": [
      [
        32.91753334984682,
        40.70528320776468,
        32.931733535289986
      ],
      [
        78.61660441545914,
        38.55231782811663,
        37.239811665507645
      ]
    ],
    "bed": [
      [
        96.19326956339852,
        46.904229583307576,
        201.47561173288005
      ]
    ],
    "tv_monitor": [
      [
        51.11029067362473,
        45.38454093415444,
        34.685922526538775
      ]
    ],
    "table": [
      [
        91.08873629420535,
        73.41245900885284,
        65.08936353231073
      ]
    ],
    "chair": [
      [
        42.23151190305563,
        74.42865556009376,
        50.50572823347217
      ]
    ]
  }
}