{
  "source_file": "47333899_3dod_annotation.json",
  "axes_by_label": {
    "refrigerator": [
      [
        61.70652557929165,
        165.35378066053352,
        65.82394856010107
      ]
    ],
    "cabinet": [
      [
        79.00425317311931,
        83.03735748200022,
        60.14672124486712
      ],
      [
        85.21104785282994,
        86.9648590384633,
        64.12885540412692
      ],
      [
        82.13841626314148,
        78.86964563336466,
        36.358524518745526
      ],
      [
        47.106049738593065,
        47.21561061605698,
        34.239262627669675
      ],
      [
        81.1912979833391,
        78.78163309765694,
        34.79783840141694
      ],
      [
        75.33701331973086,
        57.19105480565607,
        32.84545059411646
      ],
      [
        89.62916251758524,
        83.87059330864658,
        50.31672529654994
      ],
      [
        79.14853166773183,
        74.17338692469434,
        30.959208179402033
      ],
      [
        40.30325388029192,
        104.77194717354266,
        29.20273521239924
      ]
    ],
    "sink": [
      [
        40.98603627840759,
        12.757596422763136,
        49.30829715517858
      ]
    ],
    "oven": [
      [
        49.942964314948746,
        70.81662902850555,
        67.8705179300312
      ]
    ],
    "chair": [
      [
        38.61470279489994,
        74.44198732029527,
        47.92864749316274
      ],
      [
        43.09549424590378,
        77.8169772035396,
        45.48321351906563
      ]
    ],
    "shelf": [
      [
        63.20046696553711,
        105.4868197945365,
        31.1821749272035
      ],
      [
        26.51935762398001,
        74.12858889131897,
        28.424156958978756
      ]
    ],
    "stove": [
      [
        49.0668328680406,
        17.101428194079716,
        67.15182687624974
      ]
    ],
    "table": [
      [
        91.46198272740702,
        75.74846457800923,
        49.8090946004949
      ]
    ],
    "washer": [
      [
        67.37701771294607,
        98.96173486627654,
        67.1123098652703
      ]
    ]
  }
}