{
  "source_file": "47332918_3dod_annotation.json",
  "axes_by_label": {
    "bed": [
      [
        191.52831340592712,
        43.194495342373074,
        208.7064158148632
      ]
    ],
    "cabinet": [
      [
        121.15780051208694,
        36.39670119349674,
        55.28794855040843
      ],
      [
        138.9871685111011,
        38.03675600348886,
        45.249961828961474
      ],
      [
        76.507069656176,
        109.84312364820872,
        32.28236369356896
      ],
      [
        76.48006240052158,
        105.91300076904645,
        30.83516990495813
      ]
    ],
    "table": [
      [
        65.1875685756812,
        46.050946319685224,
        47.21688828835535
      ],
      [
        113.2778419998008,
        73.74369284552789,
        81.08993462803404
      ]
    ],
    "tv_monitor": [
      [
        143.65419765469446,
        80.11195301238602,
        4.417061772539228
      ]
    ],
    "chair": [
      [
        39.42032379357533,
        89.00529664514083,
        46.28139918200571
      ],
      [
        36.863231965929245,
        85.4825701419816,
        47.097698371149
      ],
      [
        37.57520557771292,
        85.4825701419816,
        48.07169320558956
      ]
    ]
  }
}