{
  "source_file": "47331970_3dod_annotation.json",
  "axes_by_label": {
    "refrigerator": [
      [
        58.58703321625886,
        202.9019849265943,
        62.166385756022564
      ]
    ],
    "cabinet": [
      [
        93.76199511629422,
        84.00611244049745,
        57.43705844277492
      ],
      [
        60.24091712735314,
        19.90907026136502,
        57.365491280028415
      ],
      [
        57.60573855787749,
        81.15825523961884,
        57.71429438981142
      ],
      [
        57.677051434870506,
        39.313290308220324,
        26.66132586494478
      ],
      [
        60.1515261764893,
        37.86066880426393,
        20.622850174685105
      ],
      [
        48.66518277978265,
        81.82625178869829,
        78.73937986120279
      ],
      [
        113.01365176036344,
        83.73782334153162,
        57.70484944934629
      ],
      [
        42.265315451424655,
        85.58054540899995,
        60.3431690791183
      ],
      [
        52.273159324959636,
        105.6963575811066,
        41.770203701406835
      ],
      [
        90.75624467328947,
        104.95748738852791,
        46.8479394044094
      ]
    ],
    "oven": [
      [
        60.24091712735314,
        64.14123929172804,
        57.365491280028415
      ]
    ],
    "dishwasher": [
      [
        63.880594552984434,
        83.73782334153162,
        59.0215106345553
      ]
    ],
    "sink": [
      [
        45.50618908392014,
        23.66119178273281,
        46.28382661343167
      ]
    ],
    "shelf": [
      [
        57.25811522672571,
        84.39993744241157,
        29.994206723923917
      ]
    ],
    "table": [
      [
        138.60421424418865,
        78.04669428043763,
        86.81536789898809
      ]
    ],
    "chair": [
      [
        46.06220916662421,
        91.21083225303761,
        55.51596879884594
      ],
      [
        44.119104795974714,
        92.49425916564896,
        54.67295913492976
      ],
      [
        45.21128747179188,
        91.6933299377992,
        52.05331328104461
      ],
      [
        42.659197354950415,
        90.8650574110147,
        54.12011437115986
      ],
      [
        50.837068888051284,
        86.46927860091935,
        63.52807955855259
      ]
    ],
    "sofa": [
      [
        189.2118963862181,
        79.9466214111937,
        87.02245773876618
      ],
      [
        100.82456076468561,
        91.63775338252258,
        106.25959272530552
      ],
      [
        127.1134820745664,
        74.71362170877933,
        105.28143497056784
      ],
      [
        235.0584654466568,
        80.20029942502526,
        94.38445502029712
      ]
    ]
  }
}