{
  "source_file": "47334103_3dod_annotation.json",
  "axes_by_label": {
    "stool": [
      [
        66.28114041869928,
        38.55923281257842,
        41.78478823027594
      ]
    ],
    "cabinet": [
      [
        69.20260447170887,
        47.37229846689885,
        47.00268669046474
      ],
      [
        111.30766000490803,
        87.55949639694539,
        43.41386755095678
      ],
      [
        49.420500081406395,
        41.357111003085635,
        44.05204430751835
      ],
      [
        128.88994968884978,
        41.38723830255276,
        52.93326147202859
      ],
      [
        455.09635261316913,
        45.648489429511415,
        37.524588866484024
      ],
      [
        457.68931760384663,
        85.94608048556739,
        63.17600940210814
      ]
    ],
    "sink": [
      [
        45.759208556642186,
        7.395777404493448,
        37.045666766293955
      ]
    ],
    "tv_monitor": [
      [
        89.57579050869359,
        51.00322015335834,
        6.083563942146272
      ]
    ],
    "sofa": [
      [
        184.05780041544432,
        92.24864552942239,
        99.51392056311701
      ]
    ],
    "chair": [
      [
        95.9546110375222,
        108.25336415668843,
        96.20415803945829
      ],
      [
        46.561071191789395,
        92.22780512654587,
        50.53110680174974
      ],
      [
        46.561071191789395,
        92.22780512654587,
        50.53110680174974
      ],
      [
        46.561071191789395,
        93.68527533722963,
        50.53110680174974
      ],
      [
        46.561071191789395,
        94.8943814431353,
        50.53110680174974
      ]
    ],
    "table": [
      [
        138.70682608906225,
        76.28448147765714,
        99.05639983075218
      ]
    ],
    "bathtub": [
      [
        163.98323885533028,
        48.448113175459085,
        78.79976786462291
      ]
    ]
  }
}