{
  "source_file": "47334254_3dod_annotation.json",
  "axes_by_label": {
    "cabinet": [
      [
        202.16675428037033,
        86.28929660391864,
        58.92764839216384
      ],
      [
        43.393631259320195,
        85.78106594782133,
        58.312842806985756
      ],
      [
        64.02725530914562,
        234.19213663461227,
        60.364720011340225
      ],
      [
        41.804632644449214,
        86.36610966640671,
        59.06560949510654
      ],
      [
        62.83205850473713,
        56.93954784228608,
        60.1350936059029
      ],
      [
        31.04338843075253,
        117.51984448973654,
        60.1350936059029
      ],
      [
        182.56784316913505,
        105.17105829322455,
        33.562522691493285
      ],
      [
        29.93507906881225,
        105.17105829322455,
        33.643476524864575
      ],
      [
        49.9265255299781,
        103.9803823030924,
        30.50131725998713
      ],
      [
        53.04320334386543,
        98.07419169961045,
        32.09185977605522
      ]
    ],
    "sink": [
      [
        47.60115053164526,
        17.56408707877403,
        41.557990946667935
      ]
    ],
    "stove": [
      [
        57.66248273866735,
        3.074632967262616,
        55.415408082102765
      ]
    ],
    "table": [
      [
        74.09624655239541,
        86.36610966640671,
        60.15032120047674
      ],
      [
        93.32950374594107,
        75.09845344556999,
        64.64513143892745
      ]
    ],
    "oven": [
      [
        59.421694511352605,
        58.872019285640086,
        60.1350936059029
      ]
    ],
    "shelf": [
      [
        17.46545474220898,
        103.49552906888366,
        31.707683180440448
      ]
    ],
    "chair": [
      [
        38.75993977764845,
        85.53049113649672,
        46.408286147872246
      ],
      [
        39.18481785401504,
        84.16809545574262,
        46.408286147872246
      ],
      [
        39.18481785401504,
        83.99691997794376,
        46.53988917400129
      ]
    ]
  }
}