{
  "source_file": "47333436_3dod_annotation.json",
  "axes_by_label": {
    "bed": [
      [
        105.52034558389202,
        34.505149582357134,
        223.2357959253274
      ]
    ],
    "cabinet": [
      [
        125.03685596376778,
        183.61094325494557,
        59.839227669479726
      ],
      [
        45.125421263756856,
        62.0810332470586,
        31.47407113362806
      ],
      [
        161.92374625662998,
        31.70407432899271,
        46.27384517522305
      ],
      [
        44.50422668304473,
        113.16878183660408,
        37.975596892890096
      ],
      [
        53.65847219980559,
        75.70562254910612,
        30.958119707938824
      ]
    ],
    "tv_monitor": [
      [
        94.72440774116987,
        56.6622307031813,
        3.476960385576483
      ]
    ]
  }
}