{
  "source_file": "47334096_3dod_annotation.json",
  "axes_by_label": {
    "cabinet": [
      [
        449.27135184894723,
        89.88332424565891,
        64.78096389100281
      ],
      [
        449.27135184894723,
        48.55706029250345,
        39.136918979176855
      ],
      [
        103.34355754652161,
        212.36258347221943,
        62.75954357428165
      ],
      [
        60.31299626786192,
        74.93959083508898,
        61.190115810521185
      ],
      [
        60.36826855740463,
        90.03490391823874,
        61.62783478970516
      ]
    ],
    "sink": [
      [
        41.11660513580621,
        19.53045091725304,
        44.77891344957379
      ],
      [
        42.48404761297966,
        19.51692811178173,
        44.77891344957379
      ]
    ],
    "table": [
      [
        128.75417954801327,
        76.77922880742547,
        92.30728806338293
      ],
      [
        168.1280819236166,
        48.05978978180156,
        43.046233538993675
      ]
    ],
    "chair": [
      [
        44.82270928336402,
        94.7214319132628,
        66.73154440956446
      ],
      [
        44.98273649121872,
        94.1912831291187,
        67.1507338825748
      ],
      [
        44.82270928336402,
        94.31974400686309,
        60.44134220219837
      ],
      [
        44.82270928336402,
        93.64536327598856,
        60.44134220219837
      ],
      [
        75.9453946829343,
        108.05992960747692,
        77.4341512348221
      ]
    ],
    "oven": [
      [
        60.241544316492345,
        47.47430885355695,
        61.8974353271131
      ]
    ],
    "stool": [
      [
        75.84519333472873,
        38.37253402505023,
        42.02134148008098
      ]
    ],
    "sofa": [
      [
        178.55510758181043,
        60.734156398010654,
        93.42561019680956
      ]
    ],
    "tv_monitor": [
      [
        85.64304666108089,
        47.11423768051705,
        6.488374634655172
      ]
    ],
    "stove": [
      [
        58.45269141646192,
        2.9164121130619094,
        50.778890332167165
      ]
    ]
  }
}