{
  "source_file": "47334107_3dod_annotation.json",
  "axes_by_label": {
    "washer": [
      [
        59.089411656626915,
        82.97768801281865,
        47.25187546486793
      ]
    ],
    "toilet": [
      [
        37.47297966463244,
        44.18069008279208,
        54.38676154007331
      ]
    ],
    "cabinet": [
      [
        64.78605142383002,
        68.68283144612141,
        24.77434631306895
      ],
      [
        74.34154743752148,
        47.48392282051768,
        43.081658385007856
      ],
      [
        36.762532458435636,
        143.77926259636453,
        27.87674425145203
      ],
      [
        38.677483947765246,
        72.86005215713536,
        21.529203188345196
      ]
    ],
    "sink": [
      [
        51.84065636771448,
        11.751083984148337,
        40.20573027879864
      ]
    ],
    "bathtub": [
      [
        161.0951274658691,
        58.143761732792676,
        72.70319845716172
      ]
    ],
    "sofa": [
      [
        203.29028472123468,
        93.79745191041808,
        98.37752330926287
      ]
    ]
  }
}