{
  "source_file": "47334239_3dod_annotation.json",
  "axes_by_label": {
    "bathtub": [
      [
        164.81858623954162,
        61.037220193720614,
        77.19701971222354
      ]
    ],
    "cabinet": [
      [
        69.71495425448856,
        74.75522565496524,
        35.06709739008281
      ],
      [
        201.06473208602566,
        250.78424775859517,
        46.85822204336395
      ]
    ],
    "sink": [
      [
        75.46234297446584,
        18.226679809916543,
        46.89920055235229
      ]
    ],
    "toilet": [
      [
        38.750237932531505,
        85.1021346325431,
        53.70381419263515
      ]
    ],
    "washer": [
      [
        62.92809425395861,
        83.23145265036713,
        48.81614779713375
      ]
    ],
    "stool": [
      [
        39.56412434438238,
        40.393922305570776,
        39.86774374436305
      ]
    ]
  }
}