{
  "source_file": "47332886_3dod_annotation.json",
  "axes_by_label": {
    "bed": [
      [
        96.91754696725508,
        47.208598988088355,
        209.51549107743745
      ],
      [
        98.30563199204478,
        43.93515092713528,
        211.0977333838973
      ]
    ],
    "cabinet": [
      [
        72.07062133940373,
        89.94692351164196,
        35.893773807278656
      ],
      [
        72.67403637127755,
        86.98846769360989,
        35.84232984681467
      ]
    ],
    "shelf": [
      [
        63.60294457752338,
        179.42069986744235,
        31.689594133550788
      ],
      [
        60.4816820490943,
        178.01129272788575,
        32.99755721108405
      ]
    ],
    "table": [
      [
        123.10950143412144,
        74.92493588339669,
        57.19842278626581
      ]
    ],
    "chair": [
      [
        38.65986105915952,
        60.325740920825304,
        41.38675634739057
      ]
    ],
    "tv_monitor": [
      [
        42.63960252041029,
        37.686506210592455,
        4.331637869897316
      ],
      [
        42.63960252041029,
        38.0234674116791,
        4.331637869897316
      ]
    ]
  }
}