{
  "source_file": "47331990_3dod_annotation.json",
  "axes_by_label": {
    "bed": [
      [
        169.5535816223281,
        49.56363241392826,
        212.54043121728589
      ]
    ],
    "cabinet": [
      [
        45.18392907777738,
        32.94797134809567,
        40.36710777921605
      ],
      [
        52.23809446151254,
        33.190858641049374,
        47.082751546446126
      ],
      [
        154.75521859188592,
        92.96898592584773,
        41.76871809897379
      ]
    ],
    "tv_monitor": [
      [
        111.89757178850373,
        65.38361943293361,
        4.00933197303825
      ]
    ],
    "sofa": [
      [
        68.43420169159319,
        62.67931007855195,
        63.19297088860904
      ],
      [
        303.9081282009944,
        82.34456522113952,
        100.26531570028679
      ]
    ]
  }
}