{
  "source_file": "47332901_3dod_annotation.json",
  "axes_by_label": {
    "oven": [
      [
        50.90035247892671,
        66.1598127387543,
        73.68249019804799
      ]
    ],
    "stove": [
      [
        50.90035247892671,
        17.37641566732981,
        72.52137824700405
      ]
    ],
    "cabinet": [
      [
        39.70946146110322,
        82.77233115600819,
        72.25558549431607
      ],
      [
        85.96736742118277,
        82.625012824046,
        58.61061871444428
      ],
      [
        74.07881545905111,
        82.91313275093627,
        73.4040247128246
      ],
      [
        84.36553824111286,
        62.16838916274697,
        33.47801615690522
      ],
      [
        120.70698235482406,
        62.84345599191106,
        36.74103352252809
      ],
      [
        62.60659519051503,
        36.6395375597197,
        31.782795674695954
      ],
      [
        43.42863722114542,
        84.66333445194005,
        54.03114621018901
      ]
    ],
    "table": [
      [
        30.144577804885095,
        84.09186875652921,
        78.06280324292362
      ],
      [
        86.50375423934155,
        77.02139165290814,
        50.62587705156131
      ]
    ],
    "sink": [
      [
        40.28483925036723,
        17.247630143790232,
        38.0925208638924
      ],
      [
        37.33882104001266,
        17.221367137426128,
        38.0925208638924
      ]
    ],
    "refrigerator": [
      [
        75.53211098990094,
        187.7702061037378,
        68.88189440957575
      ]
    ]
  }
}