{
  "source_file": "47334372_3dod_annotation.json",
  "axes_by_label": {
    "bathtub": [
      [
        134.01774040763124,
        58.33558414099123,
        66.67801892564127
      ]
    ],
    "washer": [
      [
        42.79851038882526,
        83.81086159473199,
        54.620352633492786
      ]
    ],
    "cabinet": [
      [
        30.94485652485836,
        78.47185979028244,
        38.26490302368853
      ]
    ],
    "sink": [
      [
        53.761048782469125,
        13.239370870287129,
        33.61986064764836
      ]
    ]
  }
}