{
  "source_file": "47331316_3dod_annotation.json",
  "axes_by_label": {
    "sofa": [
      [
        204.30215518966003,
        87.2723432160212,
        93.59847124430713
      ]
    ],
    "table": [
      [
        72.60582943240131,
        54.730957589103696,
        37.10783253351884
      ]
    ],
    "stool": [
      [
        62.6636486370129,
        44.789204232335265,
        40.851685985376655
      ]
    ],
    "cabinet": [
      [
        46.661895141085324,
        190.15859139570028,
        44.59351939711245
      ],
      [
        135.81707680313843,
        121.04178580025406,
        44.59351939711245
      ],
      [
        206.05489220638188,
        246.20973426966606,
        64.92421609761936
      ],
      [
        150.82537255854186,
        246.20973426966606,
        64.62286271779935
      ]
    ],
    "shelf": [
      [
        53.564865501113,
        140.0571187764609,
        44.59351939711245
      ]
    ],
    "tv_monitor": [
      [
        80.00032683008756,
        56.04663740576373,
        6.332531077149557
      ]
    ]
  }
}