{
  "source_file": "47334380_3dod_annotation.json",
  "axes_by_label": {
    "cabinet": [
      [
        43.331065386208394,
        84.77505415730829,
        59.35320111683335
      ],
      [
        79.03028288190269,
        84.15575250063115,
        58.29214408419288
      ],
      [
        84.14669723517683,
        88.96679480196576,
        59.39334423767821
      ],
      [
        82.10311460685344,
        62.22414712333297,
        32.376857655154446
      ],
      [
        81.47167081752895,
        61.23011549638867,
        31.92802086648177
      ],
      [
        211.59644126271007,
        87.6573406893401,
        33.55505826662066
      ]
    ],
    "oven": [
      [
        50.5332660413067,
        70.7141157934883,
        62.10115210513596
      ]
    ],
    "stove": [
      [
        50.5332660413067,
        14.435794847941457,
        63.2627926324019
      ]
    ],
    "sink": [
      [
        36.011231860317324,
        12.843652483956978,
        44.42823124224314
      ],
      [
        39.912020863425674,
        17.81581159061761,
        44.56033617328398
      ]
    ],
    "refrigerator": [
      [
        54.84299576576354,
        157.5987224102372,
        63.443547613581266
      ]
    ],
    "table": [
      [
        113.23743795440068,
        76.99545474334306,
        71.61202771202812
      ]
    ],
    "chair": [
      [
        43.902609494293266,
        79.35463353950573,
        46.54754253930168
      ],
      [
        45.380502292910165,
        73.20600482842171,
        47.64748381288172
      ]
    ]
  }
}