{
  "source_file": "47331644_3dod_annotation.json",
  "axes_by_label": {
    "cabinet": [
      [
        83.94474934748631,
        73.62036339546422,
        43.10819432595473
      ],
      [
        245.4222920021626,
        51.9730816693595,
        50.07905278371685
      ],
      [
        47.88481525326525,
        61.59711014670268,
        56.33104920755649
      ],
      [
        48.58274622128338,
        146.1302819017005,
        36.47521832189162
      ],
      [
        58.62114851091373,
        72.22792994580942,
        47.113447147167214
      ],
      [
        247.36938435230542,
        156.3963730936919,
        34.066040990410244
      ]
    ],
    "sofa": [
      [
        196.38469800971203,
        76.59155999194078,
        96.27914470711572
      ]
    ],
    "stool": [
      [
        35.9648553550262,
        35.80662920439278,
        37.459835087729346
      ],
      [
        96.2459363019933,
        42.244238790346294,
        47.113447147167214
      ],
      [
        64.34963198540578,
        70.87379624435474,
        45.4251565855938
      ]
    ],
    "table": [
      [
        84.60713850032991,
        54.74713083620219,
        81.17547596526913
      ],
      [
        47.35605661382057,
        70.29358825943294,
        33.16245083575647
      ],
      [
        128.76729456924153,
        67.17371274293312,
        65.27770408942752
      ],
      [
        34.87312917937746,
        61.344572869991836,
        30.106983913753893
      ],
      [
        21.16772348911471,
        58.758374780774645,
        24.36688578490787
      ]
    ],
    "chair": [
      [
        65.07556741162449,
        97.67482628612252,
        77.35717929391929
      ],
      [
        39.19042858133793,
        76.2143453018561,
        51.59434128597887
      ],
      [
        41.245028973217224,
        75.99411580244193,
        53.42622164581105
      ],
      [
        41.266283557493445,
        74.54435824859584,
        53.58897589969612
      ],
      [
        42.01168934108115,
        74.26931583320098,
        53.09189434529789
      ]
    ]
  }
}