{
  "source_file": "47331068_3dod_annotation.json",
  "axes_by_label": {
    "table": [
      [
        74.33829111927676,
        75.97477177177812,
        59.210045869377105
      ]
    ],
    "bathtub": [
      [
        141.9830936978404,
        55.89622768397899,
        72.39284871598292
      ]
    ],
    "cabinet": [
      [
        45.66072557581158,
        76.6036797313536,
        24.355617732868573
      ],
      [
        32.16243551308271,
        184.26239167764442,
        33.9460329297966
      ]
    ],
    "sink": [
      [
        49.70277083137596,
        14.592876366110572,
        37.458017562725765
      ]
    ],
    "toilet": [
      [
        36.33363298553968,
        46.859631361359206,
        53.2921294582008
      ]
    ]
  }
}