{
  "source_file": "47333924_3dod_annotation.json",
  "axes_by_label": {
    "bathtub": [
      [
        138.42142888340965,
        61.20385107515385,
        68.73684532542588
      ]
    ],
    "sink": [
      [
        49.269497665073594,
        21.798624649574332,
        40.6934096132252
      ]
    ],
    "washer": [
      [
        40.633073083798486,
        84.58523625847673,
        63.321750793196095
      ]
    ],
    "cabinet": [
      [
        96.2425825882238,
        47.644619565968625,
        39.42167468246815
      ]
    ]
  }
}