{
  "source_file": "47331654_3dod_annotation.json",
  "axes_by_label": {
    "cabinet": [
      [
        91.83012791921955,
        86.54996488885341,
        38.24769473609562
      ],
      [
        162.18840265271223,
        104.18839034540655,
        28.104883108592585
      ],
      [
        41.45136948724164,
        84.19337857160954,
        65.55888974860974
      ],
      [
        80.2701224636379,
        85.08832556310078,
        76.76609590220188
      ],
      [
        40.77913670613939,
        85.06608861067218,
        32.09142535226401
      ],
      [
        9.629236095375113,
        80.81938603793616,
        34.9720628297642
      ],
      [
        17.194659562158247,
        81.48168260378478,
        26.353469790830573
      ],
      [
        60.81435018575411,
        80.36808726341974,
        28.909035881791134
      ],
      [
        13.47691275850704,
        80.36808726341974,
        32.28146441137185
      ],
      [
        121.41248576922493,
        81.45090059239507,
        21.145445577114344
      ],
      [
        101.33174579338868,
        39.39858801373323,
        36.08288670626051
      ]
    ],
    "table": [
      [
        30.83461693008244,
        86.54996488885341,
        35.97611142427697
      ],
      [
        100.61475172451243,
        74.13142606503648,
        58.54309567764193
      ]
    ],
    "washer": [
      [
        59.59662943682914,
        86.29042469658228,
        68.52705230051409
      ]
    ],
    "oven": [
      [
        50.07565542152717,
        64.94377000602019,
        62.29809963676048
      ]
    ],
    "stove": [
      [
        50.07565542152717,
        19.958299912768624,
        62.008698280129316
      ]
    ],
    "sink": [
      [
        42.234177682381635,
        18.416322280491265,
        50.702828268589315
      ],
      [
        38.019293993307926,
        18.416322280491265,
        50.68748091730154
      ]
    ],
    "chair": [
      [
        39.29911029731089,
        77.35565844563065,
        50.74701235989933
      ],
      [
        41.892741590471836,
        77.0879236509256,
        50.72270523941025
      ]
    ],
    "refrigerator": [
      [
        59.518892518828004,
        135.50498212894036,
        64.0917401746604
      ]
    ],
    "stool": [
      [
        25.13449434451018,
        23.616677322741193,
        24.897151516896958
      ]
    ]
  }
}