{
  "source_file": "47332005_3dod_annotation.json",
  "axes_by_label": {
    "cabinet": [
      [
        99.30784391987966,
        59.70169613136444,
        45.33466969043012
      ]
    ],
    "sink": [
      [
        102.6934659207455,
        11.005943431377197,
        45.33466969043012
      ]
    ],
    "toilet": [
      [
        38.69054988487705,
        84.33982646867734,
        52.21298611215807
      ]
    ],
    "sofa": [
      [
        103.03053067887512,
        83.44857230261005,
        96.99349101634179
      ]
    ]
  }
}