{
  "source_file": "47332899_3dod_annotation.json",
  "axes_by_label": {
    "bed": [
      [
        85.74495980655428,
        162.3246877321201,
        206.70554793224687
      ]
    ],
    "cabinet": [
      [
        83.15337735735952,
        202.42731698529207,
        42.03708788494316
      ],
      [
        65.68914777598522,
        179.88367630350868,
        36.06043742691259
      ],
      [
        82.4975099051933,
        87.24673449219605,
        48.3332676955674
      ],
      [
        87.6064335096079,
        82.9374532647891,
        42.00846520317294
      ]
    ],
    "table": [
      [
        122.90097288580577,
        69.97235680037198,
        56.268766393152475
      ]
    ],
    "tv_monitor": [
      [
        71.18646031728512,
        47.031643272550056,
        5.103310714881989
      ]
    ],
    "stool": [
      [
        49.28779676199556,
        33.36571208981567,
        30.25113888335968
      ]
    ]
  }
}