{
  "source_file": "47334362_3dod_annotation.json",
  "axes_by_label": {
    "sofa": [
      [
        230.0251052643564,
        72.38645061650553,
        110.35983742681584
      ],
      [
        205.5785373773781,
        72.63846053262861,
        101.98078239317572
      ],
      [
        204.84681609196898,
        91.42388431262174,
        95.76805665660451
      ]
    ],
    "cabinet": [
      [
        149.0665609005048,
        39.25093855020056,
        60.63406255763663
      ],
      [
        91.9383799184379,
        235.89169050732178,
        54.08258958442735
      ]
    ],
    "tv_monitor": [
      [
        110.83029373182147,
        65.63818943246959,
        4.786605737815857
      ]
    ],
    "table": [
      [
        81.99332433764202,
        40.801836903572934,
        32.4534476918711
      ]
    ]
  }
}