{
  "source_file": "47333940_3dod_annotation.json",
  "axes_by_label": {
    "sofa": [
      [
        187.48794114674996,
        99.03572622516452,
        94.4870123944191
      ],
      [
        87.58335050050017,
        98.87257025131667,
        94.6457084183691
      ],
      [
        89.13894122906176,
        94.85938728878315,
        86.0543458965179
      ]
    ],
    "table": [
      [
        69.14373305686823,
        65.3153456161838,
        50.818541541424
      ],
      [
        41.83714565126634,
        26.569617968002127,
        27.089035740968782
      ],
      [
        83.01924775418543,
        50.73802250023345,
        62.3475443951563
      ],
      [
        81.79425080998789,
        65.62278374022317,
        27.28184303928645
      ]
    ],
    "tv_monitor": [
      [
        96.41950131452457,
        68.49419970081884,
        7.564326491811565
      ]
    ],
    "chair": [
      [
        44.02114821209715,
        85.39984709955206,
        65.73928443524227
      ],
      [
        43.98566892449864,
        87.25521662470486,
        59.203055056279126
      ]
    ],
    "cabinet": [
      [
        163.63934123687895,
        217.22204272708228,
        56.584397104439915
      ]
    ]
  }
}