{
  "source_file": "47332908_3dod_annotation.json",
  "axes_by_label": {
    "bathtub": [
      [
        139.7686544809537,
        56.58464800775638,
        67.44909032668261
      ]
    ],
    "cabinet": [
      [
        67.0726218686219,
        194.39056491469248,
        46.23038071232149
      ],
      [
        62.563474095581846,
        75.02132474514296,
        11.743737351122085
      ]
    ],
    "washer": [
      [
        41.03614016679537,
        86.91946189109753,
        64.08490961270488
      ]
    ]
  }
}