{
  "source_file": "47429998_3dod_annotation.json",
  "axes_by_label": {
    "bed": [
      [
        148.42750110086712,
        66.34494225525887,
        221.287879418605
      ]
    ],
    "cabinet": [
      [
        35.65622409353609,
        83.36106149845057,
        43.67140094946435
      ],
      [
        91.75580001049241,
        109.78938081290538,
        43.377361154126625
      ]
    ]
  }
}