{
  "source_file": "47429922_3dod_annotation.json",
  "axes_by_label": {
    "cabinet": [
      [
        53.191519658848485,
        238.06192825120556,
        62.05781743529996
      ],
      [
        75.76131746956867,
        114.39187213820684,
        51.153798313899344
      ],
      [
        68.1205021245853,
        46.9062967193362,
        33.77993293624215
      ],
      [
        31.058251795355275,
        26.896686214829117,
        22.545225538241997
      ]
    ],
    "sofa": [
      [
        213.4665879543466,
        83.46912066385958,
        92.45948090372967
      ]
    ],
    "table": [
      [
        104.86125637714024,
        78.05056968038839,
        61.40470696764231
      ],
      [
        58.87421662946623,
        85.33433414259707,
        39.6684467503393
      ]
    ],
    "chair": [
      [
        42.074444231068966,
        100.71351895107888,
        65.30198359857198
      ]
    ],
    "stool": [
      [
        33.54667282320848,
        39.075570933011136,
        30.651139926509703
      ],
      [
        29.736637354701298,
        39.80955071255176,
        31.12731590248125
      ]
    ],
    "shelf": [
      [
        80.39800490523022,
        121.90143663222966,
        34.65183325814815
      ]
    ],
    "tv_monitor": [
      [
        79.89939934981666,
        51.43460026883454,
        7.55063993530691
      ]
    ],
    "sink": [
      [
        16.77946553346314,
        7.979031250769257,
        15.663778674166666
      ]
    ]
  }
}