{
  "source_file": "47429904_3dod_annotation.json",
  "axes_by_label": {
    "cabinet": [
      [
        184.1504831009203,
        47.4502101184709,
        50.42082586207913
      ],
      [
        137.70536963810972,
        205.13704505748024,
        46.632319882053956
      ],
      [
        61.73917803862368,
        236.84537712943634,
        62.36456424005003
      ],
      [
        41.671180978622004,
        87.61358286617822,
        58.09217980317455
      ],
      [
        42.77357334734663,
        89.95296086740738,
        65.42674627062483
      ],
      [
        207.6459907605003,
        89.72677043407289,
        37.03467865893942
      ],
      [
        114.3217393842861,
        87.31713895507778,
        52.44881894964692
      ],
      [
        62.39450885303526,
        92.22566179819471,
        64.16887688279807
      ],
      [
        63.9909514889925,
        52.70937999986216,
        64.12689248539569
      ],
      [
        33.37573219881726,
        88.21705723312638,
        34.688687262113106
      ],
      [
        61.941216540566536,
        16.262441082633828,
        54.755917754267415
      ]
    ],
    "tv_monitor": [
      [
        129.33693233101786,
        78.91620739909382,
        6.9228345468705275
      ]
    ],
    "sofa": [
      [
        285.49984738132036,
        79.86899324052403,
        123.64187266333253
      ],
      [
        59.262736664771325,
        37.92779059467538,
        37.53214837698258
      ]
    ],
    "table": [
      [
        149.00632159913695,
        36.02656434203229,
        66.40664282833173
      ],
      [
        163.70049022256373,
        79.6885400258168,
        103.05982352981363
      ]
    ],
    "stool": [
      [
        48.44423044075346,
        43.14460314603777,
        49.329726147695496
      ],
      [
        46.04132168045572,
        43.130832891924,
        46.70310705415605
      ]
    ],
    "chair": [
      [
        42.636633782747104,
        104.24920921841148,
        55.62502162475171
      ],
      [
        42.07570305609278,
        104.24920921841148,
        55.62502162475171
      ],
      [
        42.48961722129721,
        104.24920921841148,
        57.927602766525595
      ],
      [
        42.48961722129721,
        104.24920921841148,
        57.927602766525595
      ],
      [
        42.48961722129721,
        104.24920921841148,
        57.927602766525595
      ],
      [
        47.84907205309232,
        92.22566179819471,
        47.60472614674712
      ],
      [
        47.84907205309232,
        92.22566179819471,
        47.60472614674712
      ]
    ],
    "oven": [
      [
        61.941216540566536,
        71.38034087880501,
        59.010619664398895
      ],
      [
        63.9909514889925,
        39.51548334339714,
        63.463539872923306
      ]
    ]
  }
}