{
  "source_file": "47429977_3dod_annotation.json",
  "axes_by_label": {
    "sofa": [
      [
        207.275189178582,
        65.79086593931106,
        100.38644248631972
      ],
      [
        35.69474690677571,
        65.79086593931106,
        72.96707833924715
      ]
    ],
    "table": [
      [
        49.75300733123815,
        50.390865939311134,
        48.163684081534115
      ],
      [
        74.63326572125926,
        74.87039094934246,
        73.93827046051942
      ]
    ],
    "stool": [
      [
        37.273362205076154,
        46.16554170792219,
        36.86493494324255
      ],
      [
        35.61079426825484,
        47.6395252432487,
        35.96715143092157
      ]
    ],
    "cabinet": [
      [
        123.36920144862414,
        66.12108163457138,
        47.384368218243154
      ],
      [
        81.32033703549091,
        124.75094004348661,
        51.96721496435597
      ],
      [
        66.69257816527994,
        89.7532665048171,
        28.977922821436376
      ],
      [
        35.86618628327746,
        240.75958856467173,
        59.61658002984756
      ],
      [
        58.25134182108172,
        16.64359222681477,
        58.20604792228007
      ],
      [
        80.64265100109901,
        85.46968913746355,
        60.31658002984757
      ],
      [
        39.83797022986185,
        94.37191143041059,
        60.37557891772419
      ],
      [
        164.65213098326208,
        92.19598666628463,
        38.06063592783447
      ]
    ],
    "tv_monitor": [
      [
        95.76044987868895,
        59.604675142796324,
        5.746980491616508
      ]
    ],
    "chair": [
      [
        42.948487171700535,
        74.7803884828179,
        47.90110573832153
      ],
      [
        51.95391589909425,
        74.7803884828179,
        47.90110573832153
      ],
      [
        42.948487171700535,
        74.7803884828179,
        47.90110573832153
      ]
    ],
    "oven": [
      [
        58.25134182108172,
        68.95015829593919,
        59.95574265724842
      ]
    ],
    "stove": [
      [
        58.25134182108172,
        3.857240624379102,
        57.15227636223815
      ]
    ],
    "refrigerator": [
      [
        67.59088418343381,
        114.16920667356574,
        72.18325824645223
      ]
    ]
  }
}