{
  "source_file": "47429912_3dod_annotation.json",
  "axes_by_label": {
    "toilet": [
      [
        35.531056169957246,
        43.87160475433063,
        53.32114614751913
      ]
    ],
    "bathtub": [
      [
        193.36499485356373,
        56.60982968407092,
        82.62469676299662
      ]
    ],
    "sink": [
      [
        61.33923905057028,
        9.332750964316524,
        39.96555062689232
      ]
    ],
    "cabinet": [
      [
        60.769917181855654,
        46.53034426010912,
        40.727094773178585
      ]
    ]
  }
}