{
  "source_file": "47429992_3dod_annotation.json",
  "axes_by_label": {
    "table": [
      [
        138.19276611633563,
        75.47071087865807,
        68.17278214198477
      ]
    ],
    "tv_monitor": [
      [
        57.826523915186726,
        39.757083802442494,
        6.163792882639837
      ]
    ],
    "chair": [
      [
        52.42324338554515,
        79.19079529719693,
        63.965120915165194
      ],
      [
        45.21859568568489,
        71.97187848342486,
        49.025389937006366
      ]
    ],
    "cabinet": [
      [
        162.42205731397357,
        75.47071087865807,
        46.06863360756746
      ],
      [
        202.09582205583575,
        235.85162940716563,
        42.97747075276517
      ]
    ]
  }
}