{
  "source_file": "47430038_3dod_annotation.json",
  "axes_by_label": {
    "cabinet": [
      [
        192.0949485635639,
        81.81613342150395,
        60.92276109556484
      ],
      [
        109.13899325160416,
        60.10989015063306,
        63.11553921537353
      ],
      [
        39.22579210930962,
        135.20418072001473,
        60.88887180289495
      ],
      [
        69.9793935423476,
        74.74367217371665,
        34.6967246629481
      ],
      [
        109.47418228962627,
        72.82686100834769,
        33.3351956647932
      ],
      [
        38.83841979925478,
        75.2223693230392,
        45.84274024640932
      ],
      [
        58.14887984281434,
        83.06977849280021,
        74.93331285446497
      ],
      [
        92.12162428974514,
        86.92499202770378,
        58.42013429661817
      ],
      [
        110.08810037651159,
        99.40404032495677,
        46.05645912550496
      ]
    ],
    "refrigerator": [
      [
        54.69517028586199,
        167.50063787090994,
        65.74099278305592
      ]
    ],
    "oven": [
      [
        64.83650798459018,
        57.615652357324294,
        62.81562069173962
      ],
      [
        63.07899843344373,
        86.92499202770378,
        74.93331285446497
      ]
    ],
    "shelf": [
      [
        23.64923511662525,
        75.2223693230392,
        31.372943881435344
      ]
    ],
    "stove": [
      [
        58.40389346045524,
        2.6188367357432876,
        58.410615829221285
      ]
    ],
    "sink": [
      [
        44.75639900258992,
        20.450282437728475,
        44.955867849966
      ],
      [
        45.41323036138246,
        17.372742975371636,
        44.955867849966
      ]
    ],
    "table": [
      [
        70.0452769359577,
        71.48555965825858,
        71.67789732881914
      ]
    ],
    "chair": [
      [
        41.13641347304127,
        72.64998871970306,
        44.697693346738234
      ],
      [
        38.27667854255465,
        72.64998871970306,
        44.697693346738234
      ],
      [
        41.13641347304127,
        72.64998871970306,
        44.697693346738234
      ],
      [
        41.13641347304127,
        72.64998871970306,
        44.697693346738234
      ]
    ]
  }
}