{
  "source_file": "47430034_3dod_annotation.json",
  "axes_by_label": {
    "bed": [
      [
        97.2896962294806,
        155.5536213385148,
        204.5347863887885
      ]
    ],
    "cabinet": [
      [
        155.77320358104444,
        204.53413257879492,
        71.12657696039615
      ],
      [
        118.80113283791607,
        99.81878299129977,
        42.31995513751995
      ],
      [
        197.50406043306722,
        49.33483286773024,
        37.53834734470757
      ],
      [
        110.27119540424165,
        193.24960198392114,
        49.70652078255311
      ]
    ],
    "table": [
      [
        73.79598428066157,
        74.20578103540909,
        45.92806129118935
      ],
      [
        182.7198560134251,
        76.6524804675966,
        50.45908107935897
      ],
      [
        160.54239690383523,
        88.45761973210081,
        96.90648068111038
      ]
    ],
    "stool": [
      [
        41.06816364521204,
        45.65475948002043,
        26.93473689986322
      ]
    ],
    "shelf": [
      [
        63.63687495358019,
        179.1599448051317,
        38.03379850875794
      ]
    ],
    "tv_monitor": [
      [
        80.09736406643037,
        59.55585346096631,
        4.018919568427658
      ]
    ],
    "chair": [
      [
        35.412105864223804,
        98.86164672524893,
        49.68256283868391
      ],
      [
        35.412105864223804,
        98.86164672524893,
        49.68256283868391
      ],
      [
        40.908294113890946,
        90.84132423093693,
        52.302927986284345
      ]
    ],
    "sofa": [
      [
        60.939751325526984,
        72.90070980523208,
        63.67052526876366
      ],
      [
        229.94723270689246,
        72.90070980523208,
        60.94157123447685
      ]
    ]
  }
}