{
  "source_file": "47430475_3dod_annotation.json",
  "axes_by_label": {
    "bed": [
      [
        184.86739638508584,
        61.07124191598719,
        211.4217637351643
      ]
    ],
    "shelf": [
      [
        62.82636392342824,
        195.537371678639,
        41.20128927830158
      ]
    ],
    "cabinet": [
      [
        106.92999944340428,
        111.87690596308512,
        43.101472642288755
      ],
      [
        39.41226923252148,
        81.28737777060589,
        48.803748085170376
      ],
      [
        81.1905342757905,
        39.56166139931741,
        36.848831980007745
      ]
    ]
  }
}