{
  "source_file": "47430422_3dod_annotation.json",
  "axes_by_label": {
    "toilet": [
      [
        39.62171744305898,
        45.592526406550405,
        56.339142625309975
      ]
    ],
    "washer": [
      [
        60.1082918044704,
        83.42061320933325,
        65.29165245964364
      ]
    ],
    "bathtub": [
      [
        149.33373365513765,
        56.584237965636596,
        72.44510980338137
      ]
    ],
    "cabinet": [
      [
        74.38807269560027,
        36.71104097807669,
        43.859827603889386
      ],
      [
        94.14847732672737,
        251.18238896066035,
        18.56904388544344
      ]
    ],
    "sink": [
      [
        55.802251077294116,
        13.297483933986761,
        36.17100284284128
      ]
    ],
    "shelf": [
      [
        25.280627342487502,
        175.10854977276003,
        13.216506037477323
      ]
    ]
  }
}