{
  "source_file": "47430468_3dod_annotation.json",
  "axes_by_label": {
    "sofa": [
      [
        272.9057422526378,
        68.66121026573495,
        96.56590336514468
      ],
      [
        101.54309205292907,
        70.62995447321553,
        98.91031724424467
      ],
      [
        97.62224035270805,
        69.33183260559402,
        89.6613404421219
      ]
    ],
    "table": [
      [
        97.94751432962506,
        45.345944250955675,
        96.16839199941958
      ],
      [
        127.93988234708573,
        77.61177334973439,
        96.68681832692994
      ]
    ],
    "cabinet": [
      [
        63.827092177849366,
        195.23668404307915,
        43.583359003997124
      ],
      [
        120.46289577778143,
        130.49600057795604,
        41.78410013935493
      ],
      [
        116.45894354469695,
        49.36235387176865,
        47.45254361527099
      ],
      [
        159.42486620494603,
        83.43774505196981,
        62.826490554631555
      ],
      [
        117.27575011689638,
        93.27210167472568,
        33.55589035309051
      ],
      [
        59.94541496367579,
        68.85571900066346,
        33.691232782209916
      ],
      [
        35.54243408733588,
        92.6702147809374,
        32.1956509441452
      ],
      [
        175.08915055928009,
        85.75894011047164,
        59.882681360232034
      ],
      [
        60.663859146571774,
        68.88313374246108,
        59.08317742037473
      ],
      [
        60.61081544082813,
        59.38599831702699,
        57.1760849658444
      ]
    ],
    "tv_monitor": [
      [
        99.57176250836442,
        52.19923262639298,
        6.207058799927459
      ]
    ],
    "stool": [
      [
        41.49978061186536,
        26.484651906883695,
        28.43085823030426
      ]
    ],
    "chair": [
      [
        46.12074927529607,
        104.46626080735328,
        58.636329537426846
      ],
      [
        47.613010067031524,
        101.12876749152974,
        53.284704723375505
      ],
      [
        47.76052580282514,
        101.45856020290196,
        60.5511139349797
      ],
      [
        38.131896423114725,
        100.71265128724214,
        49.85328805963875
      ]
    ],
    "sink": [
      [
        38.87993909314674,
        18.010821476684917,
        45.804518255978586
      ],
      [
        24.724482002785006,
        13.46618258594609,
        33.675805413972675
      ]
    ],
    "stove": [
      [
        58.883992009741576,
        2.2054363325480457,
        52.72958632451573
      ]
    ],
    "shelf": [
      [
        27.89039279184593,
        92.63759841483044,
        30.150943520687942
      ]
    ],
    "oven": [
      [
        59.765696527217216,
        54.963434467295535,
        58.274862980136625
      ],
      [
        59.75212743022392,
        43.548262873720056,
        56.92882469979474
      ]
    ],
    "refrigerator": [
      [
        64.20039703912022,
        201.37452988588814,
        69.58156299064997
      ]
    ]
  }
}