{
  "source_file": "47430007_3dod_annotation.json",
  "axes_by_label": {
    "bathtub": [
      [
        167.89853375855293,
        48.8973871836029,
        64.47653093545422
      ]
    ],
    "cabinet": [
      [
        56.60993265309533,
        55.99222305519108,
        38.94045700508944
      ],
      [
        51.75246418937133,
        83.88430624153807,
        23.376289826392473
      ]
    ],
    "sink": [
      [
        56.947678209955924,
        20.431521444278232,
        38.94063050700282
      ]
    ],
    "toilet": [
      [
        36.96609521653604,
        45.30480070519312,
        50.71364887503436
      ]
    ],
    "washer": [
      [
        62.24606830989653,
        83.81390291033316,
        44.32910667315798
      ]
    ]
  }
}