{
  "source_file": "47430023_3dod_annotation.json",
  "axes_by_label": {
    "sofa": [
      [
        210.76974692136105,
        72.30105086626257,
        93.326385627031
      ],
      [
        50.4037951881923,
        72.30105086626257,
        63.71099951481276
      ]
    ],
    "table": [
      [
        139.8177531159124,
        74.38127854696263,
        92.92606662911052
      ]
    ],
    "chair": [
      [
        39.138229560695,
        95.16249251940616,
        51.16696905294404
      ],
      [
        40.307655606110266,
        92.76272518587052,
        51.07953380475205
      ],
      [
        41.01759082736607,
        94.63942356951436,
        53.20788394625449
      ],
      [
        38.73947293079337,
        94.5833718349474,
        51.465069108702515
      ],
      [
        45.76256415211795,
        87.63666372214747,
        42.00672089144104
      ],
      [
        48.33501243386673,
        87.63666372214747,
        40.37191811181383
      ]
    ],
    "cabinet": [
      [
        82.73721864862254,
        193.9393681935775,
        46.525411159988494
      ],
      [
        101.23501189318569,
        192.5933626489194,
        58.02649171995288
      ],
      [
        150.2934357720053,
        29.935200062102865,
        53.40800214508006
      ],
      [
        81.93074121577017,
        114.6038936233384,
        35.742000504053436
      ],
      [
        90.91222813601344,
        111.1787753692374,
        40.15066361541776
      ],
      [
        37.44286205543693,
        90.57446481630807,
        60.50144504473755
      ],
      [
        37.44286205543693,
        71.3778943558399,
        55.80173083241997
      ]
    ],
    "tv_monitor": [
      [
        98.07158642126215,
        55.31830191612244,
        6.648625417932227
      ],
      [
        82.95540725940992,
        58.37001185192521,
        9.658530489918862
      ]
    ]
  }
}