{
  "source_file": "47430048_3dod_annotation.json",
  "axes_by_label": {
    "bathtub": [
      [
        134.90966455052148,
        55.1991191835432,
        68.20126421617822
      ]
    ],
    "cabinet": [
      [
        30.982657924029187,
        66.7472824942044,
        36.73260120838757
      ],
      [
        43.64888480801247,
        68.44208688817753,
        31.17029375462236
      ],
      [
        99.34714103905469,
        195.71121051081303,
        52.346341532850985
      ]
    ],
    "washer": [
      [
        61.08258450019339,
        81.24922944440226,
        52.835224690640025
      ]
    ],
    "sink": [
      [
        46.264704762427336,
        18.158142308717558,
        40.39908194098436
      ]
    ],
    "toilet": [
      [
        36.532868486972305,
        74.30337205972751,
        66.06542577531737
      ]
    ]
  }
}